policy_id,policy_number,line_of_business,effective_date,expiration_date,state,location_id,written_premium,underwriting_expense,status
1,POL-00001,Marine,2024-03-28,2025-03-28,TX,30,66581.81,17311.27,Expired
2,POL-00002,Casualty,2023-03-28,2024-03-27,GA,43,49071.34,14721.4,Expired
3,POL-00003,Casualty,2023-11-14,2024-11-13,TX,44,4908.46,1472.54,Active
4,POL-00004,Cyber,2025-05-20,2026-05-20,TX,40,34648.05,11780.34,Active
5,POL-00005,Cyber,2023-09-07,2024-09-06,TX,26,4945.92,1681.61,Expired
6,POL-00006,Property,2024-03-11,2025-03-11,FL,50,91577.97,25641.83,Expired
7,POL-00007,Cyber,2025-03-31,2026-03-31,IL,9,75027.75,25509.44,Expired
8,POL-00008,Cyber,2025-04-14,2026-04-14,TX,40,101085.8,34369.17,Active
9,POL-00009,Cyber,2023-09-23,2024-09-22,IL,29,11300.22,3842.07,Active
10,POL-00010,Casualty,2024-03-26,2025-03-26,CO,18,3349.96,1004.99,Active
11,POL-00011,Property,2023-06-04,2024-06-03,IL,9,6793.91,1902.29,Active
12,POL-00012,Cyber,2023-03-05,2024-03-04,IL,27,20582.86,6998.17,Active
13,POL-00013,Property,2025-02-22,2026-02-22,IL,55,55620.84,15573.84,Expired
14,POL-00014,Cyber,2025-02-04,2026-02-04,IL,35,78699.57,26757.85,Active
15,POL-00015,Cyber,2024-02-03,2025-02-02,TX,2,20820.66,7079.02,Expired
16,POL-00016,Casualty,2024-06-30,2025-06-30,TX,40,61177.14,18353.14,Active
17,POL-00017,Cyber,2025-06-06,2026-06-06,IL,9,11197.94,3807.3,Active
18,POL-00018,Marine,2025-02-18,2026-02-18,TX,22,15427.39,4011.12,Active
19,POL-00019,Property,2024-07-06,2025-07-06,CO,48,6863.16,1921.68,Active
20,POL-00020,Property,2023-07-24,2024-07-23,GA,16,3901.2,1092.34,Active
21,POL-00021,Marine,2024-01-13,2025-01-12,FL,50,4609.53,1198.48,Active
22,POL-00022,Marine,2024-08-15,2025-08-15,IL,7,69114.75,17969.83,Expired
23,POL-00023,Cyber,2023-07-23,2024-07-22,NY,46,2585.59,879.1,Cancelled
24,POL-00024,Property,2024-08-02,2025-08-02,TX,51,15255.74,4271.61,Active
25,POL-00025,Cyber,2024-05-16,2025-05-16,IL,53,7456.03,2535.05,Expired
26,POL-00026,Casualty,2023-06-30,2024-06-29,CA,28,93894.55,28168.37,Expired
27,POL-00027,Cyber,2024-03-22,2025-03-22,TX,30,42695.25,14516.39,Active
28,POL-00028,Cyber,2025-02-07,2026-02-07,GA,16,20687.45,7033.73,Active
29,POL-00029,Marine,2024-05-14,2025-05-14,IL,12,6624.26,1722.31,Expired
30,POL-00030,Marine,2023-01-11,2024-01-11,CA,36,87102.28,22646.59,Active
31,POL-00031,Casualty,2024-05-02,2025-05-02,CA,45,10804.71,3241.41,Active
32,POL-00032,Casualty,2024-11-10,2025-11-10,NY,20,102995.97,30898.79,Active
33,POL-00033,Marine,2024-12-20,2025-12-20,WA,23,11406.6,2965.72,Cancelled
34,POL-00034,Marine,2025-01-30,2026-01-30,TX,8,88231.82,22940.27,Cancelled
35,POL-00035,Marine,2024-08-26,2025-08-26,GA,47,63341.03,16468.67,Active
36,POL-00036,Marine,2023-11-06,2024-11-05,IL,12,3351.32,871.34,Expired
37,POL-00037,Marine,2023-05-10,2024-05-09,CA,45,6639.92,1726.38,Active
38,POL-00038,Cyber,2023-07-08,2024-07-07,TX,22,6350.69,2159.23,Active
39,POL-00039,Cyber,2024-08-13,2025-08-13,CA,5,87051.21,29597.41,Active
40,POL-00040,Casualty,2024-07-25,2025-07-25,TX,8,48286.55,14485.97,Active
41,POL-00041,Cyber,2024-03-29,2025-03-29,TX,59,16296.49,5540.81,Active
42,POL-00042,Property,2023-08-01,2024-07-31,CA,49,5478.11,1533.87,Active
43,POL-00043,Cyber,2024-12-06,2025-12-06,IL,29,53617.94,18230.1,Cancelled
44,POL-00044,Cyber,2024-12-04,2025-12-04,CA,5,70516.5,23975.61,Expired
45,POL-00045,Cyber,2024-07-11,2025-07-11,TX,8,11053.14,3758.07,Active
46,POL-00046,Casualty,2023-11-11,2024-11-10,TX,51,156910.52,47073.16,Active
47,POL-00047,Cyber,2023-11-08,2024-11-07,CA,45,74996.18,25498.7,Active
48,POL-00048,Property,2024-03-18,2025-03-18,IL,57,67852.47,18998.69,Active
49,POL-00049,Marine,2023-02-11,2024-02-11,CA,37,19471.77,5062.66,Active
50,POL-00050,Cyber,2025-04-13,2026-04-13,CA,41,26438.22,8988.99,Active
51,POL-00051,Property,2023-06-14,2024-06-13,IL,55,28306.49,7925.82,Active
52,POL-00052,Cyber,2023-11-19,2024-11-18,IL,6,20371.67,6926.37,Expired
53,POL-00053,Property,2025-06-09,2026-06-09,GA,43,59359.4,16620.63,Active
54,POL-00054,Cyber,2023-02-22,2024-02-22,CA,49,6181.55,2101.73,Active
55,POL-00055,Cyber,2023-01-30,2024-01-30,TX,8,78039.59,26533.46,Active
56,POL-00056,Cyber,2023-08-19,2024-08-18,IL,6,2352.82,799.96,Active
57,POL-00057,Marine,2024-12-23,2025-12-23,NY,33,22631.85,5884.28,Active
58,POL-00058,Casualty,2023-07-15,2024-07-14,CA,25,59600.95,17880.28,Active
59,POL-00059,Cyber,2025-03-17,2026-03-17,TX,22,39498.06,13429.34,Active
60,POL-00060,Cyber,2023-06-02,2024-06-01,TX,56,15867.21,5394.85,Cancelled
61,POL-00061,Cyber,2023-11-26,2024-11-25,TX,30,7434.0,2527.56,Active
62,POL-00062,Cyber,2023-11-22,2024-11-21,TX,3,23278.29,7914.62,Active
63,POL-00063,Casualty,2023-02-07,2024-02-07,WA,32,45997.65,13799.3,Active
64,POL-00064,Cyber,2024-06-22,2025-06-22,IL,7,6649.8,2260.93,Active
65,POL-00065,Casualty,2024-04-25,2025-04-25,CA,5,17467.64,5240.29,Expired
66,POL-00066,Cyber,2024-10-03,2025-10-03,TX,21,17477.8,5942.45,Active
67,POL-00067,Marine,2025-02-03,2026-02-03,IL,15,2472.08,642.74,Cancelled
68,POL-00068,Property,2023-06-20,2024-06-19,IL,29,9988.8,2796.86,Active
69,POL-00069,Casualty,2024-06-27,2025-06-27,GA,16,13517.93,4055.38,Active
70,POL-00070,Cyber,2024-11-30,2025-11-30,TX,40,32760.08,11138.43,Active
71,POL-00071,Marine,2023-09-19,2024-09-18,TX,30,18275.4,4751.6,Active
72,POL-00072,Casualty,2024-03-28,2025-03-28,CA,5,15386.13,4615.84,Active
73,POL-00073,Marine,2025-05-15,2026-05-15,TX,30,19341.22,5028.72,Active
74,POL-00074,Cyber,2024-01-03,2025-01-02,CA,37,42864.65,14573.98,Expired
75,POL-00075,Cyber,2023-01-09,2024-01-09,CO,18,82229.58,27958.06,Cancelled
76,POL-00076,Marine,2025-03-29,2026-03-29,FL,50,6657.76,1731.02,Active
77,POL-00077,Marine,2025-02-12,2026-02-12,TX,44,4031.38,1048.16,Active
78,POL-00078,Marine,2023-05-15,2024-05-14,GA,47,8905.85,2315.52,Active
79,POL-00079,Casualty,2024-07-06,2025-07-06,TX,51,13529.28,4058.78,Active
80,POL-00080,Cyber,2023-10-30,2024-10-29,NY,52,25110.14,8537.45,Active
81,POL-00081,Casualty,2024-11-23,2025-11-23,TX,56,63146.03,18943.81,Expired
82,POL-00082,Property,2024-07-03,2025-07-03,IL,17,9887.04,2768.37,Active
83,POL-00083,Property,2024-07-28,2025-07-28,TX,40,28405.0,7953.4,Active
84,POL-00084,Cyber,2023-05-24,2024-05-23,TX,8,10696.26,3636.73,Active
85,POL-00085,Casualty,2024-07-04,2025-07-04,IL,57,9053.66,2716.1,Cancelled
86,POL-00086,Cyber,2025-01-30,2026-01-30,CO,38,5666.12,1926.48,Active
87,POL-00087,Marine,2024-12-07,2025-12-07,TX,3,20828.66,5415.45,Expired
88,POL-00088,Property,2024-01-12,2025-01-11,TX,44,88871.24,24883.95,Active
89,POL-00089,Cyber,2024-11-09,2025-11-09,IL,6,91222.5,31015.65,Active
90,POL-00090,Marine,2023-05-09,2024-05-08,GA,16,68865.41,17905.01,Active
91,POL-00091,Casualty,2025-03-03,2026-03-03,TX,22,23958.74,7187.62,Expired
92,POL-00092,Casualty,2024-07-07,2025-07-07,IL,9,8915.08,2674.52,Active
93,POL-00093,Property,2025-03-19,2026-03-19,WA,23,4282.39,1199.07,Active
94,POL-00094,Property,2023-03-07,2024-03-06,CO,48,16901.33,4732.37,Active
95,POL-00095,Property,2025-03-13,2026-03-13,GA,47,57461.46,16089.21,Active
96,POL-00096,Property,2024-12-30,2025-12-30,WA,32,7109.72,1990.72,Active
97,POL-00097,Marine,2024-09-03,2025-09-03,CA,25,103022.72,26785.91,Active
98,POL-00098,Property,2024-11-01,2025-11-01,IL,55,75412.38,21115.47,Expired
99,POL-00099,Cyber,2025-01-17,2026-01-17,IL,27,7493.33,2547.73,Active
100,POL-00100,Casualty,2024-04-30,2025-04-30,TX,44,1058.23,317.47,Active
101,POL-00101,Marine,2023-05-14,2024-05-13,NY,52,83516.51,21714.29,Active
102,POL-00102,Cyber,2025-06-13,2026-06-13,WA,23,17909.05,6089.08,Active
103,POL-00103,Marine,2024-08-14,2025-08-14,IL,7,42031.15,10928.1,Active
104,POL-00104,Marine,2025-02-19,2026-02-19,TX,8,21850.87,5681.23,Expired
105,POL-00105,Property,2024-11-04,2025-11-04,CO,39,17572.32,4920.25,Active
106,POL-00106,Casualty,2023-05-27,2024-05-26,TX,56,66612.74,19983.82,Active
107,POL-00107,Property,2025-02-03,2026-02-03,IL,6,47705.53,13357.55,Cancelled
108,POL-00108,Property,2023-02-23,2024-02-23,IL,57,25815.24,7228.27,Active
109,POL-00109,Cyber,2024-03-28,2025-03-28,CO,39,35791.57,12169.13,Active
110,POL-00110,Marine,2024-11-25,2025-11-25,TX,44,56382.21,14659.37,Active
111,POL-00111,Property,2023-07-29,2024-07-28,TX,1,16588.69,4644.83,Active
112,POL-00112,Cyber,2023-05-13,2024-05-12,IL,12,14207.07,4830.4,Expired
113,POL-00113,Marine,2024-02-11,2025-02-10,CA,5,17906.98,4655.81,Expired
114,POL-00114,Cyber,2024-02-19,2025-02-18,CA,37,12345.2,4197.37,Active
115,POL-00115,Cyber,2024-12-07,2025-12-07,WA,54,3357.55,1141.57,Active
116,POL-00116,Property,2025-06-10,2026-06-10,TX,26,10653.7,2983.04,Active
117,POL-00117,Casualty,2025-03-05,2026-03-05,WA,58,6284.64,1885.39,Active
118,POL-00118,Casualty,2024-09-08,2025-09-08,IL,12,4308.75,1292.62,Cancelled
119,POL-00119,Cyber,2025-02-11,2026-02-11,TX,30,86727.27,29487.27,Expired
120,POL-00120,Marine,2024-10-04,2025-10-04,TX,56,4113.19,1069.43,Active
121,POL-00121,Marine,2023-02-27,2024-02-27,CO,38,10783.56,2803.73,Active
122,POL-00122,Marine,2023-10-21,2024-10-20,WA,54,2563.54,666.52,Active
123,POL-00123,Cyber,2024-07-21,2025-07-21,CO,38,66658.25,22663.81,Active
124,POL-00124,Cyber,2023-06-04,2024-06-03,NY,33,9907.43,3368.53,Active
125,POL-00125,Casualty,2023-09-11,2024-09-10,TX,3,74466.16,22339.85,Active
126,POL-00126,Marine,2023-10-17,2024-10-16,TX,59,16475.05,4283.51,Active
127,POL-00127,Marine,2023-12-04,2024-12-03,CA,5,9159.21,2381.39,Cancelled
128,POL-00128,Casualty,2023-03-25,2024-03-24,TX,22,70624.47,21187.34,Active
129,POL-00129,Cyber,2024-09-01,2025-09-01,IL,9,13842.32,4706.39,Active
130,POL-00130,Casualty,2024-12-20,2025-12-20,GA,43,37660.55,11298.17,Active
131,POL-00131,Marine,2023-08-08,2024-08-07,IL,12,15321.75,3983.66,Expired
132,POL-00132,Casualty,2023-10-30,2024-10-29,CA,5,79569.16,23870.75,Expired
133,POL-00133,Property,2023-12-11,2024-12-10,GA,43,39242.68,10987.95,Cancelled
134,POL-00134,Casualty,2024-03-24,2025-03-24,GA,47,5368.76,1610.63,Active
135,POL-00135,Cyber,2024-06-30,2025-06-30,IL,15,18738.78,6371.19,Active
136,POL-00136,Cyber,2025-02-26,2026-02-26,TX,30,64369.06,21885.48,Expired
137,POL-00137,Casualty,2024-09-11,2025-09-11,NY,52,5353.16,1605.95,Expired
138,POL-00138,Property,2025-05-16,2026-05-16,NY,46,84123.52,23554.59,Expired
139,POL-00139,Casualty,2024-03-23,2025-03-23,WA,54,5583.44,1675.03,Expired
140,POL-00140,Property,2023-02-24,2024-02-24,IL,27,14304.56,4005.28,Active
141,POL-00141,Property,2025-01-01,2026-01-01,WA,54,22418.73,6277.24,Active
142,POL-00142,Cyber,2024-09-22,2025-09-22,IL,29,2426.49,825.01,Expired
143,POL-00143,Cyber,2025-03-05,2026-03-05,TX,8,4130.33,1404.31,Active
144,POL-00144,Cyber,2023-04-24,2024-04-23,CA,5,13639.09,4637.29,Active
145,POL-00145,Casualty,2024-03-15,2025-03-15,WA,19,4258.05,1277.41,Active
146,POL-00146,Property,2024-01-05,2025-01-04,CO,34,116038.35,32490.74,Active
147,POL-00147,Cyber,2024-10-12,2025-10-12,TX,3,24965.77,8488.36,Active
148,POL-00148,Property,2023-09-04,2024-09-03,WA,23,10236.07,2866.1,Expired
149,POL-00149,Casualty,2025-03-08,2026-03-08,WA,54,30575.77,9172.73,Expired
150,POL-00150,Property,2025-03-05,2026-03-05,NY,46,9771.36,2735.98,Active
151,POL-00151,Marine,2024-02-12,2025-02-11,NY,33,54592.59,14194.07,Active
152,POL-00152,Marine,2025-03-10,2026-03-10,TX,56,5524.64,1436.41,Expired
153,POL-00153,Cyber,2024-02-14,2025-02-13,IL,57,25271.43,8592.29,Active
154,POL-00154,Cyber,2025-03-27,2026-03-27,WA,24,40088.36,13630.04,Active
155,POL-00155,Casualty,2023-10-28,2024-10-27,IL,35,9344.62,2803.39,Active
156,POL-00156,Cyber,2024-12-07,2025-12-07,GA,11,10339.2,3515.33,Expired
157,POL-00157,Cyber,2024-10-16,2025-10-16,CO,18,9591.42,3261.08,Expired
158,POL-00158,Casualty,2023-05-27,2024-05-26,TX,2,71953.41,21586.02,Active
159,POL-00159,Marine,2024-01-28,2025-01-27,WA,24,25643.69,6667.36,Expired
160,POL-00160,Marine,2025-02-20,2026-02-20,IL,29,46889.99,12191.4,Active
161,POL-00161,Marine,2023-04-27,2024-04-26,GA,16,12678.37,3296.38,Expired
162,POL-00162,Property,2025-03-04,2026-03-04,IL,17,18273.4,5116.55,Expired
163,POL-00163,Casualty,2023-05-19,2024-05-18,TX,8,18994.53,5698.36,Expired
164,POL-00164,Marine,2023-12-22,2024-12-21,GA,43,9409.32,2446.42,Expired
165,POL-00165,Casualty,2024-01-06,2025-01-05,TX,51,39469.14,11840.74,Active
166,POL-00166,Cyber,2024-01-05,2025-01-04,TX,2,75310.68,25605.63,Active
167,POL-00167,Property,2023-11-13,2024-11-12,CA,5,44880.82,12566.63,Active
168,POL-00168,Marine,2023-03-17,2024-03-16,TX,42,54637.69,14205.8,Expired
169,POL-00169,Casualty,2023-05-13,2024-05-12,FL,50,12604.04,3781.21,Active
170,POL-00170,Marine,2023-06-15,2024-06-14,GA,11,10754.24,2796.1,Expired
171,POL-00171,Marine,2023-03-22,2024-03-21,IL,55,42585.68,11072.28,Active
172,POL-00172,Property,2024-10-18,2025-10-18,NY,33,104309.22,29206.58,Active
173,POL-00173,Property,2025-06-03,2026-06-03,IL,53,42723.98,11962.71,Active
174,POL-00174,Property,2024-10-04,2025-10-04,WA,32,53821.7,15070.08,Active
175,POL-00175,Property,2024-03-26,2025-03-26,GA,11,15064.23,4217.98,Cancelled
176,POL-00176,Marine,2023-05-14,2024-05-13,TX,26,6451.62,1677.42,Active
177,POL-00177,Marine,2023-09-11,2024-09-10,IL,29,9956.53,2588.7,Expired
178,POL-00178,Cyber,2025-06-05,2026-06-05,GA,16,74326.16,25270.89,Active
179,POL-00179,Casualty,2024-06-11,2025-06-11,WA,32,16464.23,4939.27,Active
180,POL-00180,Cyber,2024-04-13,2025-04-13,NY,33,4093.62,1391.83,Active
181,POL-00181,Cyber,2024-07-03,2025-07-03,WA,19,7461.13,2536.78,Active
182,POL-00182,Marine,2024-02-17,2025-02-16,CA,49,3515.09,913.92,Active
183,POL-00183,Marine,2024-01-31,2025-01-30,CA,5,91105.26,23687.37,Expired
184,POL-00184,Property,2023-04-10,2024-04-09,IL,9,22414.36,6276.02,Active
185,POL-00185,Cyber,2023-02-11,2024-02-11,NY,33,8082.24,2747.96,Active
186,POL-00186,Casualty,2024-06-11,2025-06-11,CO,39,44444.98,13333.49,Active
187,POL-00187,Marine,2023-12-11,2024-12-10,CO,38,132269.53,34390.08,Active
188,POL-00188,Cyber,2023-01-18,2024-01-18,IL,53,6090.54,2070.78,Active
189,POL-00189,Property,2024-04-30,2025-04-30,CO,39,70420.83,19717.83,Active
190,POL-00190,Cyber,2025-04-21,2026-04-21,NY,10,1777.6,604.38,Active
191,POL-00191,Cyber,2024-02-27,2025-02-26,NY,10,86872.79,29536.75,Expired
192,POL-00192,Property,2023-05-22,2024-05-21,NY,46,54857.46,15360.09,Active
193,POL-00193,Casualty,2024-06-29,2025-06-29,TX,30,12094.45,3628.34,Active
194,POL-00194,Casualty,2024-07-25,2025-07-25,CO,18,10972.29,3291.69,Cancelled
195,POL-00195,Cyber,2024-05-06,2025-05-06,TX,21,9937.94,3378.9,Active
196,POL-00196,Cyber,2024-02-09,2025-02-08,WA,58,10698.84,3637.61,Active
197,POL-00197,Property,2024-03-28,2025-03-28,WA,23,47917.9,13417.01,Active
198,POL-00198,Marine,2023-04-22,2024-04-21,IL,9,73710.97,19164.85,Active
199,POL-00199,Casualty,2023-08-27,2024-08-26,CA,41,7561.79,2268.54,Active
200,POL-00200,Casualty,2024-07-17,2025-07-17,TX,1,13108.46,3932.54,Active
201,POL-00201,Marine,2023-10-20,2024-10-19,TX,21,2984.33,775.93,Active
202,POL-00202,Property,2023-06-29,2024-06-28,TX,59,22416.2,6276.54,Active
203,POL-00203,Cyber,2025-02-05,2026-02-05,IL,12,8954.95,3044.68,Active
204,POL-00204,Marine,2024-04-10,2025-04-10,WA,19,60681.01,15777.06,Active
205,POL-00205,Casualty,2023-04-26,2024-04-25,NY,52,16213.45,4864.03,Cancelled
206,POL-00206,Property,2023-12-12,2024-12-11,CO,48,23166.56,6486.64,Active
207,POL-00207,Property,2024-11-16,2025-11-16,TX,26,4353.69,1219.03,Active
208,POL-00208,Cyber,2023-10-01,2024-09-30,CA,49,24914.12,8470.8,Active
209,POL-00209,Casualty,2024-11-14,2025-11-14,NY,4,3470.51,1041.15,Active
210,POL-00210,Marine,2023-05-01,2024-04-30,CA,45,6339.76,1648.34,Active
211,POL-00211,Casualty,2025-02-04,2026-02-04,TX,30,130049.52,39014.86,Cancelled
212,POL-00212,Casualty,2023-09-11,2024-09-10,CA,49,82255.16,24676.55,Active
213,POL-00213,Marine,2024-07-31,2025-07-31,CA,5,83688.63,21759.04,Active
214,POL-00214,Casualty,2023-12-02,2024-12-01,GA,11,54438.05,16331.42,Active
215,POL-00215,Cyber,2023-02-26,2024-02-26,NY,52,16242.4,5522.42,Active
216,POL-00216,Cyber,2025-04-06,2026-04-06,TX,44,14625.36,4972.62,Active
217,POL-00217,Casualty,2023-03-16,2024-03-15,CO,38,2150.81,645.24,Active
218,POL-00218,Property,2024-04-28,2025-04-28,FL,60,13735.78,3846.02,Expired
219,POL-00219,Cyber,2024-01-22,2025-01-21,TX,56,34432.79,11707.15,Expired
220,POL-00220,Property,2024-07-04,2025-07-04,IL,12,17095.57,4786.76,Active
221,POL-00221,Cyber,2024-01-24,2025-01-23,IL,35,4952.14,1683.73,Active
222,POL-00222,Property,2025-04-08,2026-04-08,TX,3,13887.11,3888.39,Active
223,POL-00223,Property,2025-01-28,2026-01-28,GA,16,4448.52,1245.59,Expired
224,POL-00224,Casualty,2025-01-19,2026-01-19,IL,53,116400.93,34920.28,Expired
225,POL-00225,Casualty,2025-06-16,2026-06-16,NY,20,39922.92,11976.88,Active
226,POL-00226,Property,2024-08-28,2025-08-28,CA,36,16734.1,4685.55,Expired
227,POL-00227,Cyber,2024-06-21,2025-06-21,TX,51,12963.21,4407.49,Active
228,POL-00228,Cyber,2025-05-19,2026-05-19,GA,16,5872.8,1996.75,Expired
229,POL-00229,Cyber,2024-07-24,2025-07-24,IL,27,31278.97,10634.85,Active
230,POL-00230,Property,2024-04-05,2025-04-05,FL,60,17259.04,4832.53,Active
231,POL-00231,Property,2025-04-03,2026-04-03,TX,13,109935.69,30781.99,Active
232,POL-00232,Property,2023-07-14,2024-07-13,GA,14,87511.61,24503.25,Active
233,POL-00233,Casualty,2023-11-26,2024-11-25,CA,36,70075.12,21022.54,Active
234,POL-00234,Marine,2024-05-24,2025-05-24,NY,33,20043.33,5211.27,Active
235,POL-00235,Casualty,2023-11-17,2024-11-16,WA,24,8234.4,2470.32,Active
236,POL-00236,Cyber,2023-06-06,2024-06-05,WA,19,14131.58,4804.74,Active
237,POL-00237,Marine,2025-02-20,2026-02-20,IL,17,27982.73,7275.51,Cancelled
238,POL-00238,Marine,2023-05-24,2024-05-23,GA,11,143504.79,37311.25,Expired
239,POL-00239,Property,2025-05-17,2026-05-17,WA,54,9118.21,2553.1,Active
240,POL-00240,Property,2023-06-04,2024-06-03,NY,46,74572.02,20880.17,Expired
241,POL-00241,Cyber,2024-05-14,2025-05-14,GA,43,49202.96,16729.01,Active
242,POL-00242,Marine,2023-10-21,2024-10-20,IL,35,16389.45,4261.26,Expired
243,POL-00243,Property,2023-04-09,2024-04-08,TX,59,41298.55,11563.59,Active
244,POL-00244,Cyber,2024-01-18,2025-01-17,IL,6,14891.79,5063.21,Active
245,POL-00245,Property,2025-05-28,2026-05-28,TX,42,14596.88,4087.13,Active
246,POL-00246,Casualty,2024-05-26,2025-05-26,IL,6,18989.7,5696.91,Expired
247,POL-00247,Property,2024-06-24,2025-06-24,WA,58,55700.51,15596.14,Active
248,POL-00248,Marine,2024-07-10,2025-07-10,WA,58,70318.33,18282.77,Active
249,POL-00249,Casualty,2023-05-28,2024-05-27,CO,38,20141.4,6042.42,Active
250,POL-00250,Cyber,2024-07-07,2025-07-07,TX,44,8453.66,2874.24,Active
251,POL-00251,Property,2025-02-02,2026-02-02,NY,33,10502.73,2940.76,Cancelled
252,POL-00252,Cyber,2023-12-01,2024-11-30,FL,50,12156.22,4133.11,Active
253,POL-00253,Cyber,2023-07-10,2024-07-09,CA,28,67728.06,23027.54,Active
254,POL-00254,Casualty,2023-03-17,2024-03-16,NY,46,14738.64,4421.59,Active
255,POL-00255,Cyber,2024-01-05,2025-01-04,TX,21,5641.28,1918.04,Cancelled
256,POL-00256,Property,2023-03-31,2024-03-30,IL,9,66786.33,18700.17,Active
257,POL-00257,Property,2024-09-04,2025-09-04,CO,39,23762.99,6653.64,Cancelled
258,POL-00258,Casualty,2024-06-17,2025-06-17,CA,37,4884.55,1465.37,Active
259,POL-00259,Cyber,2023-03-06,2024-03-05,NY,10,10717.9,3644.09,Expired
260,POL-00260,Marine,2023-09-10,2024-09-09,IL,17,14915.81,3878.11,Active
261,POL-00261,Property,2023-12-07,2024-12-06,TX,26,67090.52,18785.35,Expired
262,POL-00262,Casualty,2023-11-25,2024-11-24,NY,20,88986.05,26695.81,Active
263,POL-00263,Cyber,2023-10-26,2024-10-25,TX,21,19689.28,6694.36,Active
264,POL-00264,Cyber,2023-04-27,2024-04-26,WA,24,66580.9,22637.51,Cancelled
265,POL-00265,Property,2024-04-17,2025-04-17,GA,47,11900.11,3332.03,Expired
266,POL-00266,Cyber,2024-05-26,2025-05-26,TX,44,5101.07,1734.36,Active
267,POL-00267,Cyber,2024-01-22,2025-01-21,TX,51,54575.12,18555.54,Active
268,POL-00268,Cyber,2023-02-07,2024-02-07,IL,35,68478.84,23282.81,Expired
269,POL-00269,Property,2023-09-12,2024-09-11,FL,50,43800.5,12264.14,Active
270,POL-00270,Cyber,2023-01-11,2024-01-11,IL,7,73041.94,24834.26,Active
271,POL-00271,Casualty,2024-01-19,2025-01-18,IL,29,78813.49,23644.05,Active
272,POL-00272,Property,2023-04-18,2024-04-17,FL,31,7693.48,2154.17,Active
273,POL-00273,Casualty,2024-05-09,2025-05-09,CO,34,19441.06,5832.32,Active
274,POL-00274,Property,2023-02-15,2024-02-15,NY,20,11222.14,3142.2,Cancelled
275,POL-00275,Casualty,2023-06-13,2024-06-12,CA,36,13164.92,3949.48,Active
276,POL-00276,Casualty,2024-10-17,2025-10-17,IL,12,91354.97,27406.49,Active
277,POL-00277,Cyber,2023-01-05,2024-01-05,CA,25,2928.54,995.7,Expired
278,POL-00278,Casualty,2023-11-30,2024-11-29,WA,24,9296.34,2788.9,Active
279,POL-00279,Marine,2024-02-02,2025-02-01,CO,39,48365.17,12574.94,Expired
280,POL-00280,Casualty,2024-11-20,2025-11-20,IL,53,34363.42,10309.03,Active
281,POL-00281,Property,2023-11-09,2024-11-08,GA,16,15794.11,4422.35,Active
282,POL-00282,Cyber,2024-05-13,2025-05-13,IL,12,71482.49,24304.05,Active
283,POL-00283,Casualty,2023-11-19,2024-11-18,IL,12,21334.63,6400.39,Active
284,POL-00284,Casualty,2024-01-29,2025-01-28,IL,53,65108.54,19532.56,Active
285,POL-00285,Cyber,2023-06-21,2024-06-20,WA,32,3213.87,1092.72,Active
286,POL-00286,Marine,2025-03-10,2026-03-10,GA,11,23615.28,6139.97,Active
287,POL-00287,Property,2025-03-04,2026-03-04,CO,18,84888.11,23768.67,Active
288,POL-00288,Casualty,2023-04-15,2024-04-14,CA,28,3071.61,921.48,Active
289,POL-00289,Property,2025-06-05,2026-06-05,IL,29,71459.8,20008.74,Expired
290,POL-00290,Cyber,2024-09-22,2025-09-22,GA,11,7566.01,2572.44,Active
291,POL-00291,Marine,2024-07-05,2025-07-05,CO,39,6158.12,1601.11,Active
292,POL-00292,Property,2025-02-07,2026-02-07,IL,9,28387.08,7948.38,Active
293,POL-00293,Casualty,2023-11-26,2024-11-25,NY,46,14517.58,4355.27,Active
294,POL-00294,Marine,2024-02-29,2025-02-28,CA,41,11291.87,2935.89,Cancelled
295,POL-00295,Marine,2024-05-14,2025-05-14,TX,30,7496.99,1949.22,Active
296,POL-00296,Marine,2023-03-06,2024-03-05,IL,55,63387.98,16480.87,Active
297,POL-00297,Marine,2023-10-18,2024-10-17,WA,54,8812.67,2291.29,Active
298,POL-00298,Marine,2024-11-29,2025-11-29,WA,58,4692.26,1219.99,Expired
299,POL-00299,Casualty,2024-04-12,2025-04-12,IL,29,8621.02,2586.31,Active
300,POL-00300,Casualty,2024-10-27,2025-10-27,IL,57,5766.22,1729.87,Active
301,POL-00301,Property,2024-11-11,2025-11-11,WA,24,10765.49,3014.34,Active
302,POL-00302,Property,2023-08-07,2024-08-06,TX,1,45054.52,12615.27,Active
303,POL-00303,Property,2024-03-08,2025-03-08,TX,56,5557.17,1556.01,Active
304,POL-00304,Marine,2024-01-27,2025-01-26,IL,9,4484.96,1166.09,Active
305,POL-00305,Casualty,2023-12-26,2024-12-25,IL,29,7417.91,2225.37,Active
306,POL-00306,Cyber,2023-08-11,2024-08-10,TX,56,5288.79,1798.19,Active
307,POL-00307,Cyber,2024-03-15,2025-03-15,WA,23,9506.93,3232.36,Active
308,POL-00308,Marine,2024-12-08,2025-12-08,FL,50,5025.17,1306.54,Active
309,POL-00309,Casualty,2024-02-06,2025-02-05,CO,48,9255.3,2776.59,Active
310,POL-00310,Cyber,2024-08-31,2025-08-31,CA,41,2921.24,993.22,Expired
311,POL-00311,Casualty,2025-05-31,2026-05-31,CA,25,117266.39,35179.92,Cancelled
312,POL-00312,Property,2024-08-24,2025-08-24,TX,2,3286.85,920.32,Active
313,POL-00313,Marine,2024-12-30,2025-12-30,CA,41,87523.05,22755.99,Active
314,POL-00314,Casualty,2023-03-27,2024-03-26,CO,18,6963.25,2088.97,Active
315,POL-00315,Marine,2024-08-23,2025-08-23,TX,26,15053.66,3913.95,Expired
316,POL-00316,Property,2023-03-30,2024-03-29,GA,16,74904.64,20973.3,Active
317,POL-00317,Casualty,2023-01-13,2024-01-13,TX,8,6192.7,1857.81,Active
318,POL-00318,Marine,2024-01-16,2025-01-15,GA,11,10754.77,2796.24,Active
319,POL-00319,Property,2025-04-06,2026-04-06,TX,22,72503.16,20300.88,Active
320,POL-00320,Marine,2024-05-26,2025-05-26,NY,4,33574.61,8729.4,Active
321,POL-00321,Property,2025-01-28,2026-01-28,IL,15,30017.84,8405.0,Expired
322,POL-00322,Casualty,2025-05-28,2026-05-28,FL,60,8317.22,2495.17,Active
323,POL-00323,Marine,2025-04-25,2026-04-25,CO,18,2303.01,598.78,Expired
324,POL-00324,Casualty,2025-04-03,2026-04-03,IL,15,93663.94,28099.18,Active
325,POL-00325,Marine,2025-05-15,2026-05-15,FL,50,56263.34,14628.47,Active
326,POL-00326,Marine,2025-03-14,2026-03-14,CA,37,9800.77,2548.2,Active
327,POL-00327,Cyber,2025-03-05,2026-03-05,FL,50,76797.38,26111.11,Active
328,POL-00328,Property,2024-02-24,2025-02-23,FL,60,8909.18,2494.57,Active
329,POL-00329,Cyber,2025-01-25,2026-01-25,IL,55,91545.74,31125.55,Active
330,POL-00330,Property,2024-12-29,2025-12-29,NY,10,55705.68,15597.59,Expired
331,POL-00331,Cyber,2023-03-28,2024-03-27,CO,48,29920.64,10173.02,Active
332,POL-00332,Property,2024-11-09,2025-11-09,CA,28,23595.26,6606.67,Cancelled
333,POL-00333,Marine,2023-10-06,2024-10-05,IL,29,2737.8,711.83,Cancelled
334,POL-00334,Property,2023-04-19,2024-04-18,NY,10,52499.19,14699.77,Cancelled
335,POL-00335,Cyber,2024-04-19,2025-04-19,NY,20,8588.04,2919.93,Active
336,POL-00336,Property,2025-05-05,2026-05-05,GA,14,18616.11,5212.51,Active
337,POL-00337,Marine,2023-06-28,2024-06-27,IL,53,13516.29,3514.24,Active
338,POL-00338,Property,2023-04-15,2024-04-14,TX,30,4445.11,1244.63,Expired
339,POL-00339,Marine,2024-10-07,2025-10-07,TX,44,9637.25,2505.68,Active
340,POL-00340,Property,2024-10-23,2025-10-23,TX,13,19854.98,5559.39,Expired
341,POL-00341,Property,2024-08-10,2025-08-10,GA,11,40014.35,11204.02,Active
342,POL-00342,Casualty,2023-07-11,2024-07-10,TX,59,5080.25,1524.08,Active
343,POL-00343,Casualty,2023-10-30,2024-10-29,TX,42,63300.06,18990.02,Active
344,POL-00344,Cyber,2024-03-05,2025-03-05,IL,9,40689.62,13834.47,Expired
345,POL-00345,Property,2025-03-11,2026-03-11,CA,25,69341.8,19415.7,Active
346,POL-00346,Casualty,2023-11-23,2024-11-22,TX,2,37741.55,11322.47,Expired
347,POL-00347,Marine,2024-08-21,2025-08-21,FL,50,5155.93,1340.54,Active
348,POL-00348,Property,2023-08-13,2024-08-12,CA,49,89838.97,25154.91,Active
349,POL-00349,Marine,2024-08-28,2025-08-28,TX,59,10017.74,2604.61,Active
350,POL-00350,Casualty,2025-04-09,2026-04-09,WA,54,14306.27,4291.88,Active
351,POL-00351,Casualty,2023-08-13,2024-08-12,CO,39,2001.46,600.44,Active
352,POL-00352,Casualty,2025-01-04,2026-01-04,TX,22,6632.62,1989.79,Active
353,POL-00353,Casualty,2023-04-24,2024-04-23,FL,50,81169.89,24350.97,Expired
354,POL-00354,Cyber,2023-04-14,2024-04-13,CO,38,8527.87,2899.48,Cancelled
355,POL-00355,Cyber,2024-10-16,2025-10-16,TX,51,16563.66,5631.64,Active
356,POL-00356,Marine,2024-11-12,2025-11-12,IL,15,85307.33,22179.91,Active
357,POL-00357,Casualty,2025-01-16,2026-01-16,IL,12,49140.4,14742.12,Expired
358,POL-00358,Property,2024-09-08,2025-09-08,IL,12,71197.66,19935.34,Active
359,POL-00359,Marine,2023-03-21,2024-03-20,CO,48,5389.05,1401.15,Expired
360,POL-00360,Property,2024-12-26,2025-12-26,IL,53,9484.87,2655.76,Expired
361,POL-00361,Property,2024-01-31,2025-01-30,NY,4,34696.9,9715.13,Active
362,POL-00362,Cyber,2025-04-28,2026-04-28,IL,7,80610.09,27407.43,Active
363,POL-00363,Casualty,2023-03-17,2024-03-16,IL,29,4640.76,1392.23,Active
364,POL-00364,Marine,2024-01-20,2025-01-19,GA,11,89490.34,23267.49,Expired
365,POL-00365,Marine,2024-09-20,2025-09-20,CO,39,31057.26,8074.89,Active
366,POL-00366,Cyber,2023-02-24,2024-02-24,GA,11,3296.01,1120.64,Active
367,POL-00367,Marine,2023-10-16,2024-10-15,GA,43,4612.9,1199.35,Active
368,POL-00368,Cyber,2023-02-25,2024-02-25,NY,10,2839.08,965.29,Active
369,POL-00369,Cyber,2023-04-10,2024-04-09,TX,13,9529.13,3239.9,Active
370,POL-00370,Property,2025-03-14,2026-03-14,NY,20,60358.08,16900.26,Active
371,POL-00371,Cyber,2023-07-11,2024-07-10,WA,24,15135.45,5146.05,Active
372,POL-00372,Marine,2023-03-05,2024-03-04,CA,37,4152.81,1079.73,Active
373,POL-00373,Cyber,2024-08-26,2025-08-26,CA,49,18395.28,6254.4,Active
374,POL-00374,Cyber,2023-08-30,2024-08-29,CA,37,24822.81,8439.76,Cancelled
375,POL-00375,Casualty,2025-02-14,2026-02-14,TX,8,10822.89,3246.87,Expired
376,POL-00376,Casualty,2024-03-09,2025-03-09,TX,3,8610.46,2583.14,Expired
377,POL-00377,Casualty,2024-09-01,2025-09-01,WA,54,4760.09,1428.03,Active
378,POL-00378,Marine,2023-10-10,2024-10-09,IL,55,53572.17,13928.76,Active
379,POL-00379,Cyber,2024-02-29,2025-02-28,TX,8,62306.1,21184.07,Expired
380,POL-00380,Property,2023-04-19,2024-04-18,FL,60,90785.71,25420.0,Active
381,POL-00381,Cyber,2024-09-15,2025-09-15,CA,37,9345.34,3177.42,Active
382,POL-00382,Cyber,2024-02-10,2025-02-09,TX,3,8277.65,2814.4,Expired
383,POL-00383,Marine,2023-12-12,2024-12-11,TX,2,20191.94,5249.9,Active
384,POL-00384,Casualty,2023-11-04,2024-11-03,IL,9,18722.37,5616.71,Active
385,POL-00385,Property,2024-03-28,2025-03-28,TX,13,99273.47,27796.57,Expired
386,POL-00386,Casualty,2023-11-15,2024-11-14,CA,5,129790.24,38937.07,Active
387,POL-00387,Casualty,2025-05-02,2026-05-02,IL,57,5045.17,1513.55,Active
388,POL-00388,Marine,2023-07-23,2024-07-22,NY,46,15650.23,4069.06,Active
389,POL-00389,Property,2023-02-01,2024-02-01,TX,44,65747.19,18409.21,Active
390,POL-00390,Casualty,2023-09-22,2024-09-21,WA,54,5494.21,1648.26,Expired
391,POL-00391,Casualty,2023-08-15,2024-08-14,IL,55,9933.04,2979.91,Active
392,POL-00392,Property,2023-05-16,2024-05-15,FL,31,80173.27,22448.52,Active
393,POL-00393,Marine,2024-01-21,2025-01-20,CA,28,7846.43,2040.07,Active
394,POL-00394,Cyber,2023-04-15,2024-04-14,CO,38,7046.32,2395.75,Active
395,POL-00395,Marine,2024-12-01,2025-12-01,NY,20,9992.96,2598.17,Active
396,POL-00396,Marine,2024-11-02,2025-11-02,IL,17,76901.73,19994.45,Expired
397,POL-00397,Cyber,2023-11-24,2024-11-23,GA,43,21489.06,7306.28,Active
398,POL-00398,Cyber,2024-02-02,2025-02-01,TX,26,78337.26,26634.67,Active
399,POL-00399,Casualty,2024-07-01,2025-07-01,TX,44,22242.57,6672.77,Expired
400,POL-00400,Casualty,2023-04-10,2024-04-09,WA,19,12867.53,3860.26,Active
401,POL-00401,Casualty,2023-12-10,2024-12-09,TX,44,4315.88,1294.76,Active
402,POL-00402,Marine,2023-09-24,2024-09-23,WA,24,41642.33,10827.01,Expired
403,POL-00403,Property,2023-07-19,2024-07-18,FL,31,44561.73,12477.28,Expired
404,POL-00404,Casualty,2023-12-17,2024-12-16,TX,13,23825.82,7147.75,Expired
405,POL-00405,Casualty,2023-03-24,2024-03-23,FL,50,10753.76,3226.13,Active
406,POL-00406,Cyber,2023-08-03,2024-08-02,CO,18,5730.5,1948.37,Cancelled
407,POL-00407,Property,2024-09-21,2025-09-21,IL,9,32241.62,9027.65,Active
408,POL-00408,Casualty,2024-01-18,2025-01-17,GA,47,34989.18,10496.75,Active
409,POL-00409,Casualty,2024-12-11,2025-12-11,IL,15,5121.62,1536.49,Active
410,POL-00410,Casualty,2025-04-23,2026-04-23,CA,5,6008.96,1802.69,Active
411,POL-00411,Marine,2024-12-04,2025-12-04,CA,28,11229.07,2919.56,Active
412,POL-00412,Cyber,2023-08-22,2024-08-21,TX,2,5284.26,1796.65,Active
413,POL-00413,Casualty,2024-01-11,2025-01-10,TX,8,8324.02,2497.21,Active
414,POL-00414,Property,2023-04-21,2024-04-20,GA,43,7181.35,2010.78,Active
415,POL-00415,Casualty,2024-12-12,2025-12-12,GA,14,2149.04,644.71,Active
416,POL-00416,Casualty,2025-04-30,2026-04-30,IL,27,29357.64,8807.29,Active
417,POL-00417,Property,2023-07-23,2024-07-22,WA,32,44055.68,12335.59,Active
418,POL-00418,Casualty,2024-07-15,2025-07-15,TX,3,25373.44,7612.03,Active
419,POL-00419,Property,2023-04-24,2024-04-23,TX,59,96407.97,26994.23,Cancelled
420,POL-00420,Marine,2023-08-25,2024-08-24,TX,42,21690.2,5639.45,Active
421,POL-00421,Casualty,2023-02-10,2024-02-10,TX,56,9503.47,2851.04,Active
422,POL-00422,Property,2025-05-22,2026-05-22,TX,1,22843.3,6396.12,Active
423,POL-00423,Property,2025-04-14,2026-04-14,WA,24,20689.25,5792.99,Active
424,POL-00424,Cyber,2024-03-07,2025-03-07,NY,52,3169.9,1077.77,Expired
425,POL-00425,Property,2024-08-27,2025-08-27,IL,27,36677.66,10269.74,Active
426,POL-00426,Casualty,2024-05-14,2025-05-14,FL,31,6286.24,1885.87,Active
427,POL-00427,Marine,2024-12-22,2025-12-22,TX,1,144391.16,37541.7,Active
428,POL-00428,Marine,2024-06-19,2025-06-19,CO,34,29353.7,7631.96,Active
429,POL-00429,Cyber,2025-05-09,2026-05-09,NY,10,106263.96,36129.75,Active
430,POL-00430,Casualty,2025-05-19,2026-05-19,NY,33,17188.23,5156.47,Active
431,POL-00431,Casualty,2023-10-12,2024-10-11,TX,22,66141.91,19842.57,Active
432,POL-00432,Casualty,2024-04-15,2025-04-15,IL,6,20449.94,6134.98,Active
433,POL-00433,Marine,2024-05-24,2025-05-24,TX,8,5045.35,1311.79,Active
434,POL-00434,Property,2024-09-10,2025-09-10,TX,51,141295.92,39562.86,Active
435,POL-00435,Property,2023-08-17,2024-08-16,IL,53,77655.59,21743.57,Active
436,POL-00436,Casualty,2023-12-16,2024-12-15,TX,1,13643.02,4092.91,Active
437,POL-00437,Property,2023-06-18,2024-06-17,TX,3,45178.25,12649.91,Active
438,POL-00438,Cyber,2024-04-13,2025-04-13,GA,14,4968.77,1689.38,Active
439,POL-00439,Property,2024-04-06,2025-04-06,FL,50,46703.64,13077.02,Cancelled
440,POL-00440,Cyber,2024-08-22,2025-08-22,WA,54,20362.55,6923.27,Active
441,POL-00441,Casualty,2024-02-01,2025-01-31,IL,7,67960.02,20388.01,Active
442,POL-00442,Casualty,2024-02-12,2025-02-11,CO,18,24060.6,7218.18,Active
443,POL-00443,Marine,2024-12-19,2025-12-19,WA,54,144530.36,37577.89,Active
444,POL-00444,Marine,2023-12-20,2024-12-19,TX,44,7198.3,1871.56,Active
445,POL-00445,Marine,2023-04-29,2024-04-28,NY,46,65880.63,17128.96,Active
446,POL-00446,Cyber,2025-02-04,2026-02-04,TX,44,55331.23,18812.62,Active
447,POL-00447,Property,2023-05-29,2024-05-28,CA,25,7715.14,2160.24,Active
448,POL-00448,Casualty,2023-03-05,2024-03-04,WA,54,25689.46,7706.84,Expired
449,POL-00449,Property,2025-06-07,2026-06-07,TX,40,202662.47,56745.49,Expired
450,POL-00450,Marine,2024-11-11,2025-11-11,CA,45,11529.01,2997.54,Expired
451,POL-00451,Marine,2023-02-25,2024-02-25,CA,36,4613.11,1199.41,Expired
452,POL-00452,Cyber,2023-08-19,2024-08-18,WA,54,78977.25,26852.27,Active
453,POL-00453,Casualty,2024-04-04,2025-04-04,WA,19,5103.86,1531.16,Active
454,POL-00454,Property,2023-02-11,2024-02-11,CA,25,90039.03,25210.93,Active
455,POL-00455,Cyber,2023-06-08,2024-06-07,NY,46,6793.34,2309.74,Cancelled
456,POL-00456,Marine,2025-03-19,2026-03-19,WA,32,60008.85,15602.3,Active
457,POL-00457,Casualty,2024-06-17,2025-06-17,IL,12,3956.52,1186.96,Active
458,POL-00458,Property,2023-08-15,2024-08-14,WA,23,12173.33,3408.53,Active
459,POL-00459,Cyber,2025-04-23,2026-04-23,CA,36,5680.28,1931.3,Expired
460,POL-00460,Casualty,2024-11-29,2025-11-29,TX,3,5609.84,1682.95,Active
461,POL-00461,Marine,2024-06-13,2025-06-13,TX,2,56789.14,14765.18,Active
462,POL-00462,Casualty,2024-06-10,2025-06-10,TX,21,6128.2,1838.46,Cancelled
463,POL-00463,Property,2023-03-09,2024-03-08,CA,41,23072.81,6460.39,Active
464,POL-00464,Cyber,2025-04-16,2026-04-16,TX,42,2528.79,859.79,Cancelled
465,POL-00465,Property,2023-03-17,2024-03-16,IL,6,84069.13,23539.36,Expired
466,POL-00466,Cyber,2024-04-06,2025-04-06,CA,25,11007.65,3742.6,Active
467,POL-00467,Property,2025-01-07,2026-01-07,TX,42,48513.59,13583.81,Active
468,POL-00468,Marine,2024-12-03,2025-12-03,TX,51,13602.88,3536.75,Active
469,POL-00469,Cyber,2024-11-07,2025-11-07,IL,53,36454.18,12394.42,Cancelled
470,POL-00470,Marine,2023-05-28,2024-05-27,CA,41,15442.76,4015.12,Active
471,POL-00471,Casualty,2023-02-12,2024-02-12,TX,8,12721.94,3816.58,Expired
472,POL-00472,Marine,2025-02-05,2026-02-05,GA,14,33454.02,8698.05,Active
473,POL-00473,Marine,2023-04-28,2024-04-27,TX,13,83006.0,21581.56,Expired
474,POL-00474,Cyber,2024-07-16,2025-07-16,TX,42,1557.87,529.68,Active
475,POL-00475,Cyber,2024-01-01,2024-12-31,TX,22,4699.69,1597.89,Active
476,POL-00476,Casualty,2024-05-12,2025-05-12,TX,21,15451.06,4635.32,Active
477,POL-00477,Marine,2023-11-20,2024-11-19,NY,52,10084.18,2621.89,Active
478,POL-00478,Cyber,2025-05-10,2026-05-10,CO,18,11085.34,3769.02,Active
479,POL-00479,Marine,2023-11-09,2024-11-08,FL,50,14982.84,3895.54,Active
480,POL-00480,Marine,2025-04-26,2026-04-26,IL,55,6040.86,1570.62,Expired
481,POL-00481,Property,2023-03-19,2024-03-18,GA,47,51486.53,14416.23,Active
482,POL-00482,Property,2023-09-24,2024-09-23,CA,36,137906.67,38613.87,Active
483,POL-00483,Marine,2024-04-20,2025-04-20,IL,9,64822.96,16853.97,Active
484,POL-00484,Casualty,2025-04-05,2026-04-05,IL,55,97717.27,29315.18,Active
485,POL-00485,Casualty,2025-01-19,2026-01-19,CO,48,17854.8,5356.44,Active
486,POL-00486,Property,2024-01-14,2025-01-13,IL,17,8679.08,2430.14,Expired
487,POL-00487,Property,2024-10-26,2025-10-26,TX,3,74916.38,20976.59,Active
488,POL-00488,Casualty,2024-10-31,2025-10-31,CA,25,10237.48,3071.24,Active
489,POL-00489,Casualty,2024-02-20,2025-02-19,CO,34,13128.69,3938.61,Active
490,POL-00490,Property,2023-05-23,2024-05-22,NY,33,10919.46,3057.45,Active
491,POL-00491,Marine,2025-01-04,2026-01-04,CO,39,16681.97,4337.31,Cancelled
492,POL-00492,Cyber,2024-05-05,2025-05-05,TX,44,10215.27,3473.19,Active
493,POL-00493,Casualty,2023-05-11,2024-05-10,TX,3,64667.73,19400.32,Active
494,POL-00494,Casualty,2023-06-20,2024-06-19,NY,4,95533.81,28660.14,Active
495,POL-00495,Property,2025-01-06,2026-01-06,IL,57,27345.22,7656.66,Active
496,POL-00496,Cyber,2023-05-27,2024-05-26,CO,39,80612.96,27408.41,Active
497,POL-00497,Casualty,2024-12-03,2025-12-03,GA,47,69798.18,20939.45,Active
498,POL-00498,Cyber,2023-04-22,2024-04-21,IL,9,68589.04,23320.27,Expired
499,POL-00499,Property,2024-05-02,2025-05-02,IL,12,117750.48,32970.13,Active
500,POL-00500,Property,2025-03-04,2026-03-04,WA,58,69459.33,19448.61,Expired
501,POL-00501,Cyber,2025-02-26,2026-02-26,TX,51,35747.43,12154.13,Active
502,POL-00502,Cyber,2023-08-27,2024-08-26,FL,50,49401.84,16796.63,Active
503,POL-00503,Property,2024-06-19,2025-06-19,CA,37,19153.24,5362.91,Active
504,POL-00504,Cyber,2024-08-22,2025-08-22,TX,42,53478.43,18182.67,Active
505,POL-00505,Marine,2024-02-11,2025-02-10,TX,44,56219.04,14616.95,Active
506,POL-00506,Cyber,2023-11-11,2024-11-10,IL,17,58405.89,19858.0,Expired
507,POL-00507,Property,2023-08-24,2024-08-23,CO,48,64353.77,18019.06,Active
508,POL-00508,Property,2024-02-03,2025-02-02,GA,11,54653.38,15302.95,Active
509,POL-00509,Casualty,2023-03-23,2024-03-22,WA,24,39672.46,11901.74,Active
510,POL-00510,Marine,2024-09-03,2025-09-03,NY,46,4965.02,1290.91,Active
511,POL-00511,Casualty,2024-11-03,2025-11-03,IL,55,41518.0,12455.4,Active
512,POL-00512,Casualty,2023-06-23,2024-06-22,TX,40,2669.54,800.86,Active
513,POL-00513,Marine,2024-02-14,2025-02-13,FL,50,18892.75,4912.11,Active
514,POL-00514,Property,2023-04-03,2024-04-02,TX,59,128397.53,35951.31,Expired
515,POL-00515,Casualty,2023-07-19,2024-07-18,CO,39,37341.59,11202.48,Active
516,POL-00516,Property,2023-03-16,2024-03-15,CA,36,50254.54,14071.27,Expired
517,POL-00517,Marine,2024-03-29,2025-03-29,CA,45,15535.52,4039.24,Expired
518,POL-00518,Cyber,2024-04-16,2025-04-16,TX,44,85969.39,29229.59,Active
519,POL-00519,Casualty,2024-12-19,2025-12-19,TX,44,21176.8,6353.04,Active
520,POL-00520,Property,2025-05-02,2026-05-02,CA,45,7228.5,2023.98,Expired
521,POL-00521,Cyber,2023-12-29,2024-12-28,TX,21,7409.6,2519.26,Cancelled
522,POL-00522,Casualty,2025-01-24,2026-01-24,WA,32,5876.61,1762.98,Active
523,POL-00523,Casualty,2023-09-13,2024-09-12,WA,54,45489.75,13646.92,Active
524,POL-00524,Cyber,2023-01-07,2024-01-07,TX,40,96256.27,32727.13,Active
525,POL-00525,Marine,2023-07-07,2024-07-06,WA,32,43244.25,11243.51,Active
526,POL-00526,Cyber,2024-07-07,2025-07-07,FL,31,17149.07,5830.68,Cancelled
527,POL-00527,Cyber,2024-12-16,2025-12-16,TX,8,52621.49,17891.31,Active
528,POL-00528,Property,2024-01-06,2025-01-05,TX,21,85191.84,23853.72,Expired
529,POL-00529,Marine,2023-07-08,2024-07-07,WA,24,23745.18,6173.75,Active
530,POL-00530,Cyber,2024-04-06,2025-04-06,CO,18,71020.76,24147.06,Expired
531,POL-00531,Marine,2023-08-30,2024-08-29,NY,52,57000.19,14820.05,Expired
532,POL-00532,Casualty,2025-04-05,2026-04-05,FL,31,6529.85,1958.95,Expired
533,POL-00533,Marine,2024-05-13,2025-05-13,TX,51,27096.47,7045.08,Active
534,POL-00534,Casualty,2023-08-09,2024-08-08,NY,4,6365.58,1909.67,Active
535,POL-00535,Marine,2024-07-27,2025-07-27,WA,24,89638.1,23305.91,Active
536,POL-00536,Marine,2024-11-26,2025-11-26,TX,56,99417.65,25848.59,Active
537,POL-00537,Marine,2023-11-29,2024-11-28,WA,23,70579.41,18350.65,Active
538,POL-00538,Marine,2024-10-08,2025-10-08,TX,30,8991.62,2337.82,Active
539,POL-00539,Cyber,2023-03-15,2024-03-14,IL,55,2723.99,926.16,Active
540,POL-00540,Marine,2024-10-22,2025-10-22,CO,39,22731.11,5910.09,Expired
541,POL-00541,Cyber,2023-06-21,2024-06-20,IL,27,7536.94,2562.56,Active
542,POL-00542,Property,2023-06-20,2024-06-19,GA,14,18831.71,5272.88,Active
543,POL-00543,Cyber,2025-02-22,2026-02-22,CO,34,31414.71,10681.0,Active
544,POL-00544,Cyber,2023-08-23,2024-08-22,NY,20,16352.31,5559.79,Active
545,POL-00545,Casualty,2023-02-05,2024-02-05,TX,2,16072.27,4821.68,Active
546,POL-00546,Marine,2024-03-31,2025-03-31,CA,36,36785.96,9564.35,Active
547,POL-00547,Cyber,2024-10-17,2025-10-17,CO,34,47047.85,15996.27,Active
548,POL-00548,Property,2023-11-12,2024-11-11,IL,29,8080.58,2262.56,Cancelled
549,POL-00549,Casualty,2023-10-21,2024-10-20,WA,23,28748.79,8624.64,Active
550,POL-00550,Property,2024-03-16,2025-03-16,FL,50,9787.61,2740.53,Active
551,POL-00551,Cyber,2023-06-17,2024-06-16,GA,16,17518.41,5956.26,Active
552,POL-00552,Casualty,2025-02-21,2026-02-21,CO,34,80522.99,24156.9,Cancelled
553,POL-00553,Marine,2023-07-12,2024-07-11,IL,27,3427.86,891.24,Active
554,POL-00554,Cyber,2024-12-18,2025-12-18,CO,18,56575.49,19235.67,Active
555,POL-00555,Property,2023-04-15,2024-04-14,IL,12,19379.56,5426.28,Active
556,POL-00556,Casualty,2024-03-06,2025-03-06,TX,22,25471.57,7641.47,Active
557,POL-00557,Property,2023-03-24,2024-03-23,TX,22,12737.97,3566.63,Expired
558,POL-00558,Marine,2024-01-26,2025-01-25,IL,53,2917.54,758.56,Expired
559,POL-00559,Casualty,2023-02-04,2024-02-04,CO,48,3742.51,1122.75,Expired
560,POL-00560,Cyber,2024-11-28,2025-11-28,CA,25,11755.58,3996.9,Active
561,POL-00561,Property,2024-05-07,2025-05-07,IL,17,9406.65,2633.86,Active
562,POL-00562,Cyber,2023-01-16,2024-01-16,TX,21,32155.84,10932.99,Expired
563,POL-00563,Property,2024-08-18,2025-08-18,TX,3,16685.8,4672.02,Active
564,POL-00564,Marine,2025-02-16,2026-02-16,FL,60,3938.34,1023.97,Expired
565,POL-00565,Casualty,2023-08-27,2024-08-26,WA,32,16510.41,4953.12,Active
566,POL-00566,Casualty,2024-12-06,2025-12-06,TX,2,10891.78,3267.53,Active
567,POL-00567,Cyber,2023-10-29,2024-10-28,CA,36,71776.1,24403.87,Active
568,POL-00568,Marine,2024-04-24,2025-04-24,GA,47,92086.81,23942.57,Active
569,POL-00569,Property,2023-06-08,2024-06-07,CO,34,17940.74,5023.41,Active
570,POL-00570,Cyber,2023-07-09,2024-07-08,GA,47,8699.75,2957.92,Active
571,POL-00571,Property,2024-07-05,2025-07-05,GA,43,24524.09,6866.75,Active
572,POL-00572,Marine,2023-04-09,2024-04-08,TX,8,67691.64,17599.83,Active
573,POL-00573,Property,2023-04-20,2024-04-19,TX,13,21092.95,5906.03,Active
574,POL-00574,Marine,2024-01-11,2025-01-10,NY,4,3539.16,920.18,Expired
575,POL-00575,Cyber,2025-05-02,2026-05-02,FL,60,1960.58,666.6,Cancelled
576,POL-00576,Cyber,2024-01-13,2025-01-12,IL,53,7256.25,2467.12,Cancelled
577,POL-00577,Marine,2023-08-10,2024-08-09,CA,5,29659.16,7711.38,Active
578,POL-00578,Casualty,2024-10-02,2025-10-02,CA,37,52017.4,15605.22,Active
579,POL-00579,Marine,2024-04-14,2025-04-14,TX,44,20133.16,5234.62,Active
580,POL-00580,Marine,2023-06-11,2024-06-10,GA,43,106959.63,27809.5,Expired
581,POL-00581,Marine,2024-01-16,2025-01-15,IL,55,30264.75,7868.84,Active
582,POL-00582,Casualty,2024-07-12,2025-07-12,CA,37,87143.0,26142.9,Active
583,POL-00583,Cyber,2024-02-11,2025-02-10,IL,29,7587.18,2579.64,Active
584,POL-00584,Marine,2023-11-04,2024-11-03,TX,1,3903.79,1014.99,Expired
585,POL-00585,Marine,2024-07-20,2025-07-20,TX,59,89772.66,23340.89,Active
586,POL-00586,Marine,2023-05-22,2024-05-21,NY,10,42059.56,10935.49,Active
587,POL-00587,Marine,2024-08-07,2025-08-07,IL,6,15536.84,4039.58,Cancelled
588,POL-00588,Cyber,2024-05-14,2025-05-14,IL,12,78599.39,26723.79,Active
589,POL-00589,Cyber,2025-03-09,2026-03-09,IL,6,6126.13,2082.88,Expired
590,POL-00590,Cyber,2025-06-07,2026-06-07,FL,60,5234.58,1779.76,Expired
591,POL-00591,Property,2025-03-07,2026-03-07,CA,41,87184.45,24411.65,Active
592,POL-00592,Casualty,2023-02-21,2024-02-21,NY,10,77862.4,23358.72,Active
593,POL-00593,Cyber,2025-03-16,2026-03-16,WA,19,8649.99,2941.0,Active
594,POL-00594,Property,2024-02-13,2025-02-12,CA,36,56677.05,15869.57,Active
595,POL-00595,Casualty,2024-02-09,2025-02-08,WA,32,123522.46,37056.74,Active
596,POL-00596,Casualty,2023-09-30,2024-09-29,CA,5,34799.39,10439.82,Active
597,POL-00597,Cyber,2023-12-23,2024-12-22,WA,24,68001.27,23120.43,Cancelled
598,POL-00598,Casualty,2024-09-23,2025-09-23,WA,23,17352.84,5205.85,Expired
599,POL-00599,Casualty,2024-01-18,2025-01-17,TX,44,4209.39,1262.82,Active
600,POL-00600,Casualty,2025-05-02,2026-05-02,TX,56,2923.3,876.99,Active
