coverage_id,policy_id,coverage_type,coverage_limit,coverage_premium
1,1,Hull,1000000,13458.78
2,1,Cargo,5000000,53123.03
3,2,GeneralLiability,500000,5608.16
4,2,ProductsLiability,5000000,43463.18
5,3,GeneralLiability,250000,3822.97
6,3,ProductsLiability,250000,1085.49
7,4,DataBreach,100000,1037.58
8,4,BusinessInterruption,5000000,33610.47
9,5,DataBreach,250000,3296.2
10,5,BusinessInterruption,100000,1649.72
11,6,Building,250000,1615.6
12,6,Contents,5000000,52518.49
13,6,BusinessInterruption,5000000,37443.88
14,7,DataBreach,1000000,13346.09
15,7,BusinessInterruption,5000000,61681.66
16,8,DataBreach,5000000,49871.85
17,8,BusinessInterruption,5000000,51213.95
18,9,DataBreach,250000,3939.52
19,9,BusinessInterruption,500000,7360.7
20,10,GeneralLiability,100000,1398.96
21,10,ProductsLiability,250000,1951.0
22,11,Building,250000,2340.62
23,11,Contents,250000,3472.47
24,11,BusinessInterruption,100000,980.82
25,12,DataBreach,250000,3915.12
26,12,BusinessInterruption,1000000,16667.74
27,13,Building,5000000,46626.67
28,13,Contents,100000,1719.84
29,13,BusinessInterruption,500000,7274.33
30,14,DataBreach,5000000,75990.77
31,14,BusinessInterruption,250000,2708.8
32,15,DataBreach,500000,6682.12
33,15,BusinessInterruption,1000000,14138.54
34,16,GeneralLiability,100000,1669.7
35,16,ProductsLiability,5000000,59507.44
36,17,DataBreach,1000000,6544.21
37,17,BusinessInterruption,500000,4653.73
38,18,Hull,1000000,7895.59
39,18,Cargo,1000000,7531.8
40,19,Building,100000,1799.87
41,19,Contents,500000,3569.56
42,19,BusinessInterruption,100000,1493.73
43,20,Building,100000,1269.87
44,20,Contents,250000,1441.77
45,20,BusinessInterruption,100000,1189.56
46,21,Hull,250000,3120.62
47,21,Cargo,100000,1488.91
48,22,Hull,100000,1700.44
49,22,Cargo,5000000,67414.31
50,23,DataBreach,100000,1228.94
51,23,BusinessInterruption,250000,1356.65
52,24,Building,100000,886.09
53,24,Contents,1000000,13261.3
54,24,BusinessInterruption,100000,1108.35
55,25,DataBreach,100000,1006.93
56,25,BusinessInterruption,500000,6449.1
57,26,GeneralLiability,5000000,87583.16
58,26,ProductsLiability,500000,6311.39
59,27,DataBreach,5000000,38787.69
60,27,BusinessInterruption,250000,3907.56
61,28,DataBreach,1000000,11977.9
62,28,BusinessInterruption,1000000,8709.55
63,29,Hull,250000,2241.89
64,29,Cargo,500000,4382.37
65,30,Hull,5000000,86364.38
66,30,Cargo,100000,737.9
67,31,GeneralLiability,1000000,10274.44
68,31,ProductsLiability,100000,530.27
69,32,GeneralLiability,5000000,45831.43
70,32,ProductsLiability,5000000,57164.54
71,33,Hull,1000000,7792.83
72,33,Cargo,500000,3613.77
73,34,Hull,5000000,86561.43
74,34,Cargo,250000,1670.39
75,35,Hull,5000000,61775.35
76,35,Cargo,100000,1565.68
77,36,Hull,100000,1391.23
78,36,Cargo,250000,1960.09
79,37,Hull,1000000,5436.23
80,37,Cargo,100000,1203.69
81,38,DataBreach,100000,753.47
82,38,BusinessInterruption,1000000,5597.22
83,39,DataBreach,100000,612.42
84,39,BusinessInterruption,5000000,86438.79
85,40,GeneralLiability,1000000,12488.45
86,40,ProductsLiability,5000000,35798.1
87,41,DataBreach,500000,8021.17
88,41,BusinessInterruption,1000000,8275.32
89,42,Building,250000,1926.26
90,42,Contents,100000,619.88
91,42,BusinessInterruption,250000,2931.97
92,43,DataBreach,5000000,52893.87
93,43,BusinessInterruption,100000,724.07
94,44,DataBreach,250000,4233.69
95,44,BusinessInterruption,5000000,66282.81
96,45,DataBreach,250000,3266.72
97,45,BusinessInterruption,500000,7786.42
98,46,GeneralLiability,5000000,72427.04
99,46,ProductsLiability,5000000,84483.48
100,47,DataBreach,1000000,17197.47
101,47,BusinessInterruption,5000000,57798.71
102,48,Building,500000,6226.0
103,48,Contents,100000,527.86
104,48,BusinessInterruption,5000000,61098.61
105,49,Hull,250000,2646.75
106,49,Cargo,1000000,16825.02
107,50,DataBreach,1000000,17566.77
108,50,BusinessInterruption,1000000,8871.45
109,51,Building,500000,4881.52
110,51,Contents,1000000,8035.05
111,51,BusinessInterruption,1000000,15389.92
112,52,DataBreach,500000,4262.92
113,52,BusinessInterruption,1000000,16108.75
114,53,Building,5000000,52338.34
115,53,Contents,100000,662.62
116,53,BusinessInterruption,500000,6358.44
117,54,DataBreach,250000,1934.7
118,54,BusinessInterruption,250000,4246.85
119,55,DataBreach,5000000,75951.96
120,55,BusinessInterruption,250000,2087.63
121,56,DataBreach,100000,1046.03
122,56,BusinessInterruption,100000,1306.79
123,57,Hull,500000,4908.43
124,57,Cargo,1000000,17723.42
125,58,GeneralLiability,5000000,55576.86
126,58,ProductsLiability,250000,4024.09
127,59,DataBreach,5000000,38702.09
128,59,BusinessInterruption,100000,795.97
129,60,DataBreach,1000000,11540.13
130,60,BusinessInterruption,500000,4327.08
131,61,DataBreach,250000,4432.71
132,61,BusinessInterruption,250000,3001.29
133,62,DataBreach,1000000,13873.19
134,62,BusinessInterruption,1000000,9405.1
135,63,GeneralLiability,250000,2758.02
136,63,ProductsLiability,5000000,43239.63
137,64,DataBreach,1000000,4214.87
138,64,BusinessInterruption,250000,2434.93
139,65,GeneralLiability,500000,4369.93
140,65,ProductsLiability,1000000,13097.71
141,66,DataBreach,1000000,16213.36
142,66,BusinessInterruption,100000,1264.44
143,67,Hull,100000,1007.56
144,67,Cargo,100000,1464.52
145,68,Building,500000,8323.97
146,68,Contents,100000,854.12
147,68,BusinessInterruption,100000,810.71
148,69,GeneralLiability,1000000,11922.99
149,69,ProductsLiability,250000,1594.94
150,70,DataBreach,250000,2741.84
151,70,BusinessInterruption,5000000,30018.24
152,71,Hull,100000,1658.47
153,71,Cargo,1000000,16616.93
154,72,GeneralLiability,500000,8913.56
155,72,ProductsLiability,500000,6472.57
156,73,Hull,500000,3394.52
157,73,Cargo,1000000,15946.7
158,74,DataBreach,5000000,40711.07
159,74,BusinessInterruption,500000,2153.58
160,75,DataBreach,5000000,80554.72
161,75,BusinessInterruption,100000,1674.86
162,76,Hull,250000,3124.73
163,76,Cargo,500000,3533.03
164,77,Hull,250000,3198.87
165,77,Cargo,100000,832.51
166,78,Hull,100000,1673.48
167,78,Cargo,500000,7232.37
168,79,GeneralLiability,500000,5715.97
169,79,ProductsLiability,500000,7813.31
170,80,DataBreach,500000,7629.63
171,80,BusinessInterruption,1000000,17480.51
172,81,GeneralLiability,1000000,17541.78
173,81,ProductsLiability,5000000,45604.25
174,82,Building,100000,1036.7
175,82,Contents,500000,6091.92
176,82,BusinessInterruption,500000,2758.42
177,83,Building,500000,8406.79
178,83,Contents,250000,3266.78
179,83,BusinessInterruption,1000000,16731.43
180,84,DataBreach,100000,1724.77
181,84,BusinessInterruption,500000,8971.49
182,85,GeneralLiability,250000,2360.26
183,85,ProductsLiability,500000,6693.4
184,86,DataBreach,250000,4098.95
185,86,BusinessInterruption,100000,1567.17
186,87,Hull,500000,3520.89
187,87,Cargo,1000000,17307.77
188,88,Building,5000000,83118.73
189,88,Contents,500000,2423.85
190,88,BusinessInterruption,500000,3328.66
191,89,DataBreach,250000,3245.97
192,89,BusinessInterruption,5000000,87976.53
193,90,Hull,5000000,34364.39
194,90,Cargo,5000000,34501.02
195,91,GeneralLiability,250000,3760.25
196,91,ProductsLiability,5000000,20198.49
197,92,GeneralLiability,500000,7589.6
198,92,ProductsLiability,100000,1325.48
199,93,Building,250000,3060.99
200,93,Contents,100000,643.94
201,93,BusinessInterruption,100000,577.46
202,94,Building,1000000,10275.85
203,94,Contents,500000,5592.67
204,94,BusinessInterruption,100000,1032.81
205,95,Building,5000000,41114.12
206,95,Contents,100000,485.16
207,95,BusinessInterruption,1000000,15862.18
208,96,Building,1000000,5028.87
209,96,Contents,100000,850.96
210,96,BusinessInterruption,250000,1229.89
211,97,Hull,5000000,40642.84
212,97,Cargo,5000000,62379.88
213,98,Building,5000000,70458.79
214,98,Contents,250000,2505.24
215,98,BusinessInterruption,250000,2448.35
216,99,DataBreach,100000,837.57
217,99,BusinessInterruption,500000,6655.76
218,100,GeneralLiability,100000,527.71
219,100,ProductsLiability,100000,530.52
220,101,Hull,5000000,24198.67
221,101,Cargo,5000000,59317.84
222,102,DataBreach,1000000,16153.29
223,102,BusinessInterruption,100000,1755.76
224,103,Hull,5000000,34891.72
225,103,Cargo,1000000,7139.43
226,104,Hull,500000,6018.7
227,104,Cargo,1000000,15832.17
228,105,Building,500000,2202.67
229,105,Contents,500000,6918.89
230,105,BusinessInterruption,500000,8450.76
231,106,GeneralLiability,5000000,66014.12
232,106,ProductsLiability,100000,598.62
233,107,Building,5000000,35059.3
234,107,Contents,1000000,10351.04
235,107,BusinessInterruption,250000,2295.19
236,108,Building,250000,1550.93
237,108,Contents,5000000,23483.37
238,108,BusinessInterruption,100000,780.94
239,109,DataBreach,1000000,7824.34
240,109,BusinessInterruption,5000000,27967.23
241,110,Hull,5000000,54064.29
242,110,Cargo,500000,2317.92
243,111,Building,500000,8617.27
244,111,Contents,250000,3674.56
245,111,BusinessInterruption,500000,4296.86
246,112,DataBreach,1000000,11456.15
247,112,BusinessInterruption,250000,2750.92
248,113,Hull,100000,1010.71
249,113,Cargo,1000000,16896.27
250,114,DataBreach,1000000,8053.21
251,114,BusinessInterruption,1000000,4291.99
252,115,DataBreach,500000,2616.91
253,115,BusinessInterruption,100000,740.64
254,116,Building,500000,7220.63
255,116,Contents,250000,2165.74
256,116,BusinessInterruption,250000,1267.33
257,117,GeneralLiability,500000,4457.7
258,117,ProductsLiability,250000,1826.94
259,118,GeneralLiability,250000,3660.75
260,118,ProductsLiability,100000,648.0
261,119,DataBreach,5000000,73191.4
262,119,BusinessInterruption,1000000,13535.87
263,120,Hull,500000,3056.7
264,120,Cargo,100000,1056.49
265,121,Hull,500000,5551.36
266,121,Cargo,500000,5232.2
267,122,Hull,100000,1302.53
268,122,Cargo,100000,1261.01
269,123,DataBreach,100000,1029.63
270,123,BusinessInterruption,5000000,65628.62
271,124,DataBreach,100000,1030.73
272,124,BusinessInterruption,500000,8876.7
273,125,GeneralLiability,1000000,17873.8
274,125,ProductsLiability,5000000,56592.36
275,126,Hull,1000000,9722.77
276,126,Cargo,500000,6752.28
277,127,Hull,100000,1181.15
278,127,Cargo,1000000,7978.06
279,128,GeneralLiability,5000000,66452.85
280,128,ProductsLiability,500000,4171.62
281,129,DataBreach,100000,833.41
282,129,BusinessInterruption,1000000,13008.91
283,130,GeneralLiability,5000000,26541.71
284,130,ProductsLiability,1000000,11118.84
285,131,Hull,500000,8633.68
286,131,Cargo,1000000,6688.07
287,132,GeneralLiability,100000,1110.77
288,132,ProductsLiability,5000000,78458.39
289,133,Building,5000000,29173.43
290,133,Contents,1000000,6159.54
291,133,BusinessInterruption,250000,3909.71
292,134,GeneralLiability,100000,975.2
293,134,ProductsLiability,250000,4393.56
294,135,DataBreach,250000,2083.14
295,135,BusinessInterruption,1000000,16655.64
296,136,DataBreach,500000,7446.87
297,136,BusinessInterruption,5000000,56922.19
298,137,GeneralLiability,250000,4055.51
299,137,ProductsLiability,100000,1297.65
300,138,Building,5000000,79581.62
301,138,Contents,500000,2587.13
302,138,BusinessInterruption,250000,1954.77
303,139,GeneralLiability,100000,1724.98
304,139,ProductsLiability,250000,3858.46
305,140,Building,1000000,11028.1
306,140,Contents,250000,2351.58
307,140,BusinessInterruption,100000,924.88
308,141,Building,500000,7539.66
309,141,Contents,250000,1134.06
310,141,BusinessInterruption,1000000,13745.01
311,142,DataBreach,100000,1668.2
312,142,BusinessInterruption,100000,758.29
313,143,DataBreach,500000,3663.48
314,143,BusinessInterruption,100000,466.85
315,144,DataBreach,1000000,12354.35
316,144,BusinessInterruption,100000,1284.74
317,145,GeneralLiability,100000,1260.73
318,145,ProductsLiability,250000,2997.32
319,146,Building,100000,1734.77
320,146,Contents,5000000,55512.94
321,146,BusinessInterruption,5000000,58790.64
322,147,DataBreach,1000000,17734.55
323,147,BusinessInterruption,500000,7231.22
324,148,Building,100000,1480.1
325,148,Contents,500000,2933.87
326,148,BusinessInterruption,500000,5822.1
327,149,GeneralLiability,1000000,17731.47
328,149,ProductsLiability,1000000,12844.3
329,150,Building,1000000,4517.77
330,150,Contents,250000,1153.32
331,150,BusinessInterruption,250000,4100.27
332,151,Hull,5000000,53137.98
333,151,Cargo,100000,1454.61
334,152,Hull,100000,1612.12
335,152,Cargo,500000,3912.52
336,153,DataBreach,1000000,16524.92
337,153,BusinessInterruption,1000000,8746.51
338,154,DataBreach,5000000,38670.45
339,154,BusinessInterruption,100000,1417.91
340,155,GeneralLiability,500000,2718.19
341,155,ProductsLiability,500000,6626.43
342,156,DataBreach,1000000,8921.66
343,156,BusinessInterruption,100000,1417.54
344,157,DataBreach,100000,505.06
345,157,BusinessInterruption,1000000,9086.36
346,158,GeneralLiability,5000000,67466.22
347,158,ProductsLiability,1000000,4487.19
348,159,Hull,5000000,22266.97
349,159,Cargo,250000,3376.72
350,160,Hull,100000,1203.49
351,160,Cargo,5000000,45686.5
352,161,Hull,100000,1429.94
353,161,Cargo,1000000,11248.43
354,162,Building,500000,6928.26
355,162,Contents,250000,4487.28
356,162,BusinessInterruption,500000,6857.86
357,163,GeneralLiability,100000,1032.86
358,163,ProductsLiability,1000000,17961.67
359,164,Hull,100000,1170.0
360,164,Cargo,500000,8239.32
361,165,GeneralLiability,5000000,35696.91
362,165,ProductsLiability,250000,3772.23
363,166,DataBreach,5000000,60059.42
364,166,BusinessInterruption,1000000,15251.26
365,167,Building,1000000,17994.33
366,167,Contents,1000000,11359.74
367,167,BusinessInterruption,1000000,15526.75
368,168,Hull,1000000,10521.66
369,168,Cargo,5000000,44116.03
370,169,GeneralLiability,1000000,11040.09
371,169,ProductsLiability,100000,1563.95
372,170,Hull,500000,8543.16
373,170,Cargo,250000,2211.08
374,171,Hull,500000,3374.11
375,171,Cargo,5000000,39211.57
376,172,Building,250000,3071.33
377,172,Contents,5000000,30793.6
378,172,BusinessInterruption,5000000,70444.29
379,173,Building,100000,513.71
380,173,Contents,5000000,38525.91
381,173,BusinessInterruption,250000,3684.36
382,174,Building,5000000,40277.02
383,174,Contents,500000,5380.61
384,174,BusinessInterruption,1000000,8164.07
385,175,Building,1000000,10779.52
386,175,Contents,250000,2190.67
387,175,BusinessInterruption,250000,2094.04
388,176,Hull,500000,5604.86
389,176,Cargo,100000,846.76
390,177,Hull,250000,1338.84
391,177,Cargo,500000,8617.69
392,178,DataBreach,250000,3847.17
393,178,BusinessInterruption,5000000,70478.99
394,179,GeneralLiability,1000000,10982.64
395,179,ProductsLiability,500000,5481.59
396,180,DataBreach,250000,1753.01
397,180,BusinessInterruption,500000,2340.61
398,181,DataBreach,100000,1586.04
399,181,BusinessInterruption,1000000,5875.09
400,182,Hull,500000,2316.7
401,182,Cargo,100000,1198.39
402,183,Hull,5000000,51524.81
403,183,Cargo,5000000,39580.45
404,184,Building,1000000,9224.78
405,184,Contents,500000,5904.82
406,184,BusinessInterruption,500000,7284.76
407,185,DataBreach,100000,454.48
408,185,BusinessInterruption,500000,7627.76
409,186,GeneralLiability,250000,2147.88
410,186,ProductsLiability,5000000,42297.1
411,187,Hull,5000000,77980.26
412,187,Cargo,5000000,54289.27
413,188,DataBreach,500000,4318.68
414,188,BusinessInterruption,100000,1771.86
415,189,Building,500000,8769.49
416,189,Contents,5000000,60434.41
417,189,BusinessInterruption,100000,1216.93
418,190,DataBreach,250000,1110.5
419,190,BusinessInterruption,100000,667.1
420,191,DataBreach,250000,2436.32
421,191,BusinessInterruption,5000000,84436.47
422,192,Building,5000000,34513.92
423,192,Contents,500000,8986.86
424,192,BusinessInterruption,1000000,11356.68
425,193,GeneralLiability,500000,5823.91
426,193,ProductsLiability,500000,6270.54
427,194,GeneralLiability,500000,3574.07
428,194,ProductsLiability,500000,7398.22
429,195,DataBreach,500000,5923.41
430,195,BusinessInterruption,500000,4014.53
431,196,DataBreach,500000,8682.26
432,196,BusinessInterruption,250000,2016.58
433,197,Building,500000,7231.37
434,197,Contents,250000,1707.24
435,197,BusinessInterruption,5000000,38979.29
436,198,Hull,5000000,71862.37
437,198,Cargo,250000,1848.6
438,199,GeneralLiability,100000,540.28
439,199,ProductsLiability,500000,7021.51
440,200,GeneralLiability,250000,2424.18
441,200,ProductsLiability,1000000,10684.28
442,201,Hull,100000,1671.11
443,201,Cargo,100000,1313.22
444,202,Building,1000000,16351.43
445,202,Contents,250000,4268.73
446,202,BusinessInterruption,100000,1796.04
447,203,DataBreach,500000,8137.2
448,203,BusinessInterruption,100000,817.75
449,204,Hull,5000000,56702.3
450,204,Cargo,250000,3978.71
451,205,GeneralLiability,500000,3137.46
452,205,ProductsLiability,1000000,13075.99
453,206,Building,500000,5974.47
454,206,Contents,250000,1614.23
455,206,BusinessInterruption,1000000,15577.86
456,207,Building,100000,658.69
457,207,Contents,250000,2671.09
458,207,BusinessInterruption,250000,1023.91
459,208,DataBreach,500000,4113.62
460,208,BusinessInterruption,5000000,20800.5
461,209,GeneralLiability,100000,1051.55
462,209,ProductsLiability,250000,2418.96
463,210,Hull,500000,4572.81
464,210,Cargo,250000,1766.95
465,211,GeneralLiability,5000000,46153.74
466,211,ProductsLiability,5000000,83895.78
467,212,GeneralLiability,5000000,81119.45
468,212,ProductsLiability,100000,1135.71
469,213,Hull,100000,486.46
470,213,Cargo,5000000,83202.17
471,214,GeneralLiability,5000000,50928.84
472,214,ProductsLiability,250000,3509.21
473,215,DataBreach,1000000,5847.22
474,215,BusinessInterruption,1000000,10395.18
475,216,DataBreach,500000,7062.96
476,216,BusinessInterruption,1000000,7562.4
477,217,GeneralLiability,100000,993.18
478,217,ProductsLiability,100000,1157.63
479,218,Building,100000,801.93
480,218,Contents,250000,3691.4
481,218,BusinessInterruption,1000000,9242.45
482,219,DataBreach,1000000,5123.5
483,219,BusinessInterruption,5000000,29309.29
484,220,Building,1000000,11403.8
485,220,Contents,250000,3921.88
486,220,BusinessInterruption,100000,1769.89
487,221,DataBreach,250000,1866.29
488,221,BusinessInterruption,500000,3085.85
489,222,Building,1000000,12608.92
490,222,Contents,100000,736.93
491,222,BusinessInterruption,100000,541.26
492,223,Building,100000,963.17
493,223,Contents,250000,2889.16
494,223,BusinessInterruption,100000,596.19
495,224,GeneralLiability,5000000,42323.26
496,224,ProductsLiability,5000000,74077.67
497,225,GeneralLiability,250000,4449.93
498,225,ProductsLiability,5000000,35472.99
499,226,Building,250000,3190.98
500,226,Contents,1000000,11781.91
501,226,BusinessInterruption,100000,1761.21
502,227,DataBreach,500000,6874.16
503,227,BusinessInterruption,1000000,6089.05
504,228,DataBreach,250000,2052.58
505,228,BusinessInterruption,250000,3820.22
506,229,DataBreach,5000000,29386.49
507,229,BusinessInterruption,250000,1892.48
508,230,Building,500000,2647.25
509,230,Contents,250000,1180.38
510,230,BusinessInterruption,1000000,13431.41
511,231,Building,5000000,70701.37
512,231,Contents,5000000,35191.16
513,231,BusinessInterruption,250000,4043.16
514,232,Building,100000,1445.63
515,232,Contents,1000000,16802.18
516,232,BusinessInterruption,5000000,69263.8
517,233,GeneralLiability,500000,4664.63
518,233,ProductsLiability,5000000,65410.49
519,234,Hull,1000000,5380.52
520,234,Cargo,1000000,14662.81
521,235,GeneralLiability,1000000,4640.02
522,235,ProductsLiability,250000,3594.38
523,236,DataBreach,250000,2154.53
524,236,BusinessInterruption,1000000,11977.05
525,237,Hull,1000000,17531.12
526,237,Cargo,1000000,10451.61
527,238,Hull,5000000,54182.14
528,238,Cargo,5000000,89322.65
529,239,Building,100000,1723.26
530,239,Contents,100000,1470.07
531,239,BusinessInterruption,1000000,5924.88
532,240,Building,100000,706.21
533,240,Contents,1000000,9224.81
534,240,BusinessInterruption,5000000,64641.0
535,241,DataBreach,100000,409.26
536,241,BusinessInterruption,5000000,48793.7
537,242,Hull,100000,1103.1
538,242,Cargo,1000000,15286.35
539,243,Building,5000000,30422.82
540,243,Contents,250000,3169.23
541,243,BusinessInterruption,500000,7706.5
542,244,DataBreach,1000000,10425.97
543,244,BusinessInterruption,250000,4465.82
544,245,Building,100000,530.9
545,245,Contents,1000000,9280.37
546,245,BusinessInterruption,1000000,4785.61
547,246,GeneralLiability,1000000,13028.7
548,246,ProductsLiability,500000,5961.0
549,247,Building,100000,721.67
550,247,Contents,5000000,53285.02
551,247,BusinessInterruption,100000,1693.82
552,248,Hull,5000000,66067.65
553,248,Cargo,250000,4250.68
554,249,GeneralLiability,1000000,17004.25
555,249,ProductsLiability,500000,3137.15
556,250,DataBreach,500000,4686.92
557,250,BusinessInterruption,250000,3766.74
558,251,Building,500000,2375.88
559,251,Contents,1000000,7250.02
560,251,BusinessInterruption,100000,876.83
561,252,DataBreach,100000,1287.77
562,252,BusinessInterruption,1000000,10868.45
563,253,DataBreach,5000000,66247.03
564,253,BusinessInterruption,100000,1481.03
565,254,GeneralLiability,100000,775.16
566,254,ProductsLiability,1000000,13963.48
567,255,DataBreach,100000,528.13
568,255,BusinessInterruption,500000,5113.15
569,256,Building,250000,2508.43
570,256,Contents,5000000,58831.8
571,256,BusinessInterruption,1000000,5446.1
572,257,Building,500000,8046.03
573,257,Contents,100000,808.59
574,257,BusinessInterruption,1000000,14908.37
575,258,GeneralLiability,250000,3398.61
576,258,ProductsLiability,250000,1485.94
577,259,DataBreach,250000,2521.37
578,259,BusinessInterruption,1000000,8196.53
579,260,Hull,1000000,12313.29
580,260,Cargo,250000,2602.52
581,261,Building,5000000,46592.3
582,261,Contents,500000,5081.56
583,261,BusinessInterruption,1000000,15416.66
584,262,GeneralLiability,5000000,86309.52
585,262,ProductsLiability,250000,2676.53
586,263,DataBreach,1000000,17548.68
587,263,BusinessInterruption,250000,2140.6
588,264,DataBreach,5000000,33986.0
589,264,BusinessInterruption,5000000,32594.9
590,265,Building,250000,2534.59
591,265,Contents,500000,7818.97
592,265,BusinessInterruption,100000,1546.55
593,266,DataBreach,250000,3216.68
594,266,BusinessInterruption,250000,1884.39
595,267,DataBreach,100000,1028.69
596,267,BusinessInterruption,5000000,53546.43
597,268,DataBreach,500000,6911.44
598,268,BusinessInterruption,5000000,61567.4
599,269,Building,500000,3164.37
600,269,Contents,5000000,23100.77
601,269,BusinessInterruption,1000000,17535.36
602,270,DataBreach,100000,762.23
603,270,BusinessInterruption,5000000,72279.71
604,271,GeneralLiability,1000000,10482.88
605,271,ProductsLiability,5000000,68330.61
606,272,Building,500000,4911.83
607,272,Contents,100000,562.5
608,272,BusinessInterruption,250000,2219.15
609,273,GeneralLiability,500000,5333.14
610,273,ProductsLiability,1000000,14107.92
611,274,Building,100000,431.62
612,274,Contents,500000,6535.79
613,274,BusinessInterruption,250000,4254.73
614,275,GeneralLiability,500000,5918.94
615,275,ProductsLiability,1000000,7245.98
616,276,GeneralLiability,1000000,9538.15
617,276,ProductsLiability,5000000,81816.82
618,277,DataBreach,250000,1720.25
619,277,BusinessInterruption,100000,1208.29
620,278,GeneralLiability,250000,2601.43
621,278,ProductsLiability,500000,6694.91
622,279,Hull,5000000,47478.08
623,279,Cargo,100000,887.09
624,280,GeneralLiability,500000,8430.78
625,280,ProductsLiability,5000000,25932.64
626,281,Building,100000,656.26
627,281,Contents,250000,2787.89
628,281,BusinessInterruption,1000000,12349.96
629,282,DataBreach,5000000,68540.3
630,282,BusinessInterruption,250000,2942.19
631,283,GeneralLiability,1000000,12671.74
632,283,ProductsLiability,500000,8662.89
633,284,GeneralLiability,5000000,55380.66
634,284,ProductsLiability,1000000,9727.88
635,285,DataBreach,100000,1191.56
636,285,BusinessInterruption,250000,2022.31
637,286,Hull,1000000,11919.11
638,286,Cargo,1000000,11696.17
639,287,Building,5000000,77629.8
640,287,Contents,500000,5794.3
641,287,BusinessInterruption,100000,1464.01
642,288,GeneralLiability,250000,2041.98
643,288,ProductsLiability,100000,1029.63
644,289,Building,100000,1485.88
645,289,Contents,250000,1734.57
646,289,BusinessInterruption,5000000,68239.35
647,290,DataBreach,250000,3746.97
648,290,BusinessInterruption,250000,3819.04
649,291,Hull,250000,2132.79
650,291,Cargo,500000,4025.33
651,292,Building,1000000,16862.76
652,292,Contents,500000,8069.33
653,292,BusinessInterruption,250000,3454.99
654,293,GeneralLiability,250000,3665.16
655,293,ProductsLiability,1000000,10852.42
656,294,Hull,1000000,10327.88
657,294,Cargo,100000,963.99
658,295,Hull,500000,6073.69
659,295,Cargo,100000,1423.3
660,296,Hull,5000000,47840.11
661,296,Cargo,1000000,15547.87
662,297,Hull,500000,5831.17
663,297,Cargo,250000,2981.5
664,298,Hull,100000,464.32
665,298,Cargo,1000000,4227.94
666,299,GeneralLiability,100000,1788.57
667,299,ProductsLiability,1000000,6832.45
668,300,GeneralLiability,500000,3112.84
669,300,ProductsLiability,500000,2653.38
670,301,Building,250000,1181.26
671,301,Contents,500000,7081.92
672,301,BusinessInterruption,250000,2502.31
673,302,Building,1000000,5091.14
674,302,Contents,5000000,35833.36
675,302,BusinessInterruption,1000000,4130.02
676,303,Building,250000,2671.95
677,303,Contents,250000,2340.74
678,303,BusinessInterruption,100000,544.48
679,304,Hull,250000,3245.52
680,304,Cargo,250000,1239.44
681,305,GeneralLiability,250000,3198.28
682,305,ProductsLiability,250000,4219.63
683,306,DataBreach,100000,1655.23
684,306,BusinessInterruption,250000,3633.56
685,307,DataBreach,500000,7537.54
686,307,BusinessInterruption,250000,1969.39
687,308,Hull,100000,1587.05
688,308,Cargo,500000,3438.12
689,309,GeneralLiability,500000,6523.19
690,309,ProductsLiability,250000,2732.11
691,310,DataBreach,100000,1139.6
692,310,BusinessInterruption,100000,1781.64
693,311,GeneralLiability,5000000,49460.45
694,311,ProductsLiability,5000000,67805.94
695,312,Building,100000,419.31
696,312,Contents,250000,1139.39
697,312,BusinessInterruption,100000,1728.15
698,313,Hull,5000000,73697.7
699,313,Cargo,1000000,13825.35
700,314,GeneralLiability,500000,2553.15
701,314,ProductsLiability,250000,4410.1
702,315,Hull,100000,834.24
703,315,Cargo,1000000,14219.42
704,316,Building,1000000,5623.81
705,316,Contents,5000000,62618.27
706,316,BusinessInterruption,500000,6662.56
707,317,GeneralLiability,250000,3455.25
708,317,ProductsLiability,250000,2737.45
709,318,Hull,250000,3624.22
710,318,Cargo,500000,7130.55
711,319,Building,1000000,7807.73
712,319,Contents,100000,768.13
713,319,BusinessInterruption,5000000,63927.3
714,320,Hull,5000000,31681.7
715,320,Cargo,250000,1892.91
716,321,Building,5000000,20179.8
717,321,Contents,100000,742.37
718,321,BusinessInterruption,1000000,9095.67
719,322,GeneralLiability,100000,1174.01
720,322,ProductsLiability,1000000,7143.21
721,323,Hull,100000,1200.15
722,323,Cargo,100000,1102.86
723,324,GeneralLiability,5000000,88698.97
724,324,ProductsLiability,1000000,4964.97
725,325,Hull,500000,4291.11
726,325,Cargo,5000000,51972.23
727,326,Hull,500000,7177.03
728,326,Cargo,250000,2623.74
729,327,DataBreach,250000,3563.62
730,327,BusinessInterruption,5000000,73233.76
731,328,Building,100000,726.2
732,328,Contents,500000,6451.59
733,328,BusinessInterruption,100000,1731.39
734,329,DataBreach,500000,2727.64
735,329,BusinessInterruption,5000000,88818.1
736,330,Building,500000,2651.19
737,330,Contents,250000,4140.51
738,330,BusinessInterruption,5000000,48913.98
739,331,DataBreach,5000000,26690.39
740,331,BusinessInterruption,250000,3230.25
741,332,Building,250000,1828.7
742,332,Contents,500000,7956.4
743,332,BusinessInterruption,1000000,13810.16
744,333,Hull,250000,1261.41
745,333,Cargo,250000,1476.39
746,334,Building,250000,2573.48
747,334,Contents,500000,4845.59
748,334,BusinessInterruption,5000000,45080.12
749,335,DataBreach,500000,7967.38
750,335,BusinessInterruption,100000,620.66
751,336,Building,500000,3038.27
752,336,Contents,250000,4389.4
753,336,BusinessInterruption,1000000,11188.44
754,337,Hull,100000,1732.94
755,337,Cargo,1000000,11783.35
756,338,Building,250000,1425.09
757,338,Contents,100000,1562.52
758,338,BusinessInterruption,250000,1457.5
759,339,Hull,100000,1215.25
760,339,Cargo,500000,8422.0
761,340,Building,1000000,15330.18
762,340,Contents,100000,1667.11
763,340,BusinessInterruption,500000,2857.69
764,341,Building,1000000,15503.6
765,341,Contents,1000000,10945.77
766,341,BusinessInterruption,1000000,13564.98
767,342,GeneralLiability,500000,3958.98
768,342,ProductsLiability,250000,1121.27
769,343,GeneralLiability,1000000,9767.89
770,343,ProductsLiability,5000000,53532.17
771,344,DataBreach,250000,3249.28
772,344,BusinessInterruption,5000000,37440.34
773,345,Building,500000,5357.79
774,345,Contents,1000000,8816.48
775,345,BusinessInterruption,5000000,55167.53
776,346,GeneralLiability,5000000,35331.41
777,346,ProductsLiability,500000,2410.14
778,347,Hull,250000,4408.93
779,347,Cargo,100000,747.0
780,348,Building,5000000,79255.36
781,348,Contents,1000000,8967.26
782,348,BusinessInterruption,250000,1616.35
783,349,Hull,100000,1384.83
784,349,Cargo,500000,8632.91
785,350,GeneralLiability,1000000,11589.74
786,350,ProductsLiability,250000,2716.53
787,351,GeneralLiability,100000,1137.03
788,351,ProductsLiability,100000,864.43
789,352,GeneralLiability,250000,4215.73
790,352,ProductsLiability,500000,2416.89
791,353,GeneralLiability,5000000,80246.86
792,353,ProductsLiability,100000,923.03
793,354,DataBreach,500000,4112.36
794,354,BusinessInterruption,250000,4415.51
795,355,DataBreach,1000000,13088.52
796,355,BusinessInterruption,250000,3475.14
797,356,Hull,5000000,77011.8
798,356,Cargo,1000000,8295.53
799,357,GeneralLiability,100000,1728.3
800,357,ProductsLiability,5000000,47412.1
801,358,Building,500000,8447.27
802,358,Contents,5000000,35462.67
803,358,BusinessInterruption,5000000,27287.72
804,359,Hull,250000,2213.84
805,359,Cargo,500000,3175.21
806,360,Building,500000,5126.41
807,360,Contents,500000,3467.79
808,360,BusinessInterruption,100000,890.67
809,361,Building,1000000,14256.18
810,361,Contents,250000,4095.93
811,361,BusinessInterruption,1000000,16344.79
812,362,DataBreach,1000000,15042.22
813,362,BusinessInterruption,5000000,65567.87
814,363,GeneralLiability,100000,812.87
815,363,ProductsLiability,500000,3827.89
816,364,Hull,250000,3561.95
817,364,Cargo,5000000,85928.39
818,365,Hull,1000000,13863.07
819,365,Cargo,1000000,17194.19
820,366,DataBreach,100000,863.53
821,366,BusinessInterruption,250000,2432.48
822,367,Hull,500000,3662.84
823,367,Cargo,100000,950.06
824,368,DataBreach,500000,2026.71
825,368,BusinessInterruption,100000,812.37
826,369,DataBreach,100000,689.73
827,369,BusinessInterruption,500000,8839.4
828,370,Building,1000000,10593.22
829,370,Contents,500000,2637.96
830,370,BusinessInterruption,5000000,47126.9
831,371,DataBreach,1000000,4624.64
832,371,BusinessInterruption,1000000,10510.81
833,372,Hull,250000,3632.82
834,372,Cargo,100000,519.99
835,373,DataBreach,250000,2937.61
836,373,BusinessInterruption,1000000,15457.67
837,374,DataBreach,1000000,8183.93
838,374,BusinessInterruption,1000000,16638.88
839,375,GeneralLiability,1000000,6420.31
840,375,ProductsLiability,250000,4402.58
841,376,GeneralLiability,100000,1783.59
842,376,ProductsLiability,1000000,6826.87
843,377,GeneralLiability,500000,4238.25
844,377,ProductsLiability,100000,521.84
845,378,Hull,5000000,52071.0
846,378,Cargo,100000,1501.17
847,379,DataBreach,250000,1518.7
848,379,BusinessInterruption,5000000,60787.4
849,380,Building,5000000,74568.13
850,380,Contents,500000,8072.33
851,380,BusinessInterruption,500000,8145.25
852,381,DataBreach,1000000,4524.52
853,381,BusinessInterruption,500000,4820.82
854,382,DataBreach,500000,6833.6
855,382,BusinessInterruption,100000,1444.05
856,383,Hull,500000,4176.65
857,383,Cargo,1000000,16015.29
858,384,GeneralLiability,1000000,14836.43
859,384,ProductsLiability,500000,3885.94
860,385,Building,250000,4197.01
861,385,Contents,1000000,14373.23
862,385,BusinessInterruption,5000000,80703.23
863,386,GeneralLiability,5000000,48236.96
864,386,ProductsLiability,5000000,81553.28
865,387,GeneralLiability,250000,3929.42
866,387,ProductsLiability,250000,1115.75
867,388,Hull,500000,4578.46
868,388,Cargo,1000000,11071.77
869,389,Building,250000,2303.63
870,389,Contents,5000000,51227.24
871,389,BusinessInterruption,1000000,12216.32
872,390,GeneralLiability,100000,799.1
873,390,ProductsLiability,1000000,4695.11
874,391,GeneralLiability,250000,3371.93
875,391,ProductsLiability,500000,6561.11
876,392,Building,250000,3104.0
877,392,Contents,100000,713.28
878,392,BusinessInterruption,5000000,76355.99
879,393,Hull,500000,5212.99
880,393,Cargo,250000,2633.44
881,394,DataBreach,100000,1116.12
882,394,BusinessInterruption,500000,5930.2
883,395,Hull,100000,1074.43
884,395,Cargo,500000,8918.53
885,396,Hull,500000,3318.52
886,396,Cargo,5000000,73583.21
887,397,DataBreach,250000,3524.49
888,397,BusinessInterruption,1000000,17964.57
889,398,DataBreach,100000,1216.23
890,398,BusinessInterruption,5000000,77121.03
891,399,GeneralLiability,1000000,16691.37
892,399,ProductsLiability,500000,5551.2
893,400,GeneralLiability,1000000,5791.22
894,400,ProductsLiability,500000,7076.31
895,401,GeneralLiability,100000,711.15
896,401,ProductsLiability,250000,3604.73
897,402,Hull,5000000,40583.58
898,402,Cargo,100000,1058.75
899,403,Building,5000000,28387.12
900,403,Contents,1000000,11417.74
901,403,BusinessInterruption,1000000,4756.87
902,404,GeneralLiability,1000000,17820.68
903,404,ProductsLiability,1000000,6005.14
904,405,GeneralLiability,1000000,8656.81
905,405,ProductsLiability,250000,2096.95
906,406,DataBreach,250000,3016.98
907,406,BusinessInterruption,250000,2713.52
908,407,Building,1000000,12868.83
909,407,Contents,1000000,10006.36
910,407,BusinessInterruption,1000000,9366.43
911,408,GeneralLiability,100000,1648.81
912,408,ProductsLiability,5000000,33340.37
913,409,GeneralLiability,500000,4184.65
914,409,ProductsLiability,100000,936.97
915,410,GeneralLiability,100000,817.48
916,410,ProductsLiability,500000,5191.48
917,411,Hull,250000,2199.56
918,411,Cargo,1000000,9029.51
919,412,DataBreach,250000,3545.09
920,412,BusinessInterruption,250000,1739.17
921,413,GeneralLiability,100000,925.27
922,413,ProductsLiability,500000,7398.75
923,414,Building,100000,467.53
924,414,Contents,100000,983.49
925,414,BusinessInterruption,1000000,5730.33
926,415,GeneralLiability,100000,821.56
927,415,ProductsLiability,100000,1327.48
928,416,GeneralLiability,100000,1116.22
929,416,ProductsLiability,5000000,28241.42
930,417,Building,5000000,33982.46
931,417,Contents,500000,7820.49
932,417,BusinessInterruption,250000,2252.73
933,418,GeneralLiability,1000000,16744.99
934,418,ProductsLiability,1000000,8628.45
935,419,Building,5000000,66831.54
936,419,Contents,250000,4323.06
937,419,BusinessInterruption,5000000,25253.37
938,420,Hull,1000000,17841.32
939,420,Cargo,500000,3848.88
940,421,GeneralLiability,500000,4521.5
941,421,ProductsLiability,500000,4981.97
942,422,Building,250000,3321.74
943,422,Contents,250000,2150.31
944,422,BusinessInterruption,1000000,17371.25
945,423,Building,500000,3280.09
946,423,Contents,1000000,9603.5
947,423,BusinessInterruption,1000000,7805.66
948,424,DataBreach,250000,1395.7
949,424,BusinessInterruption,100000,1774.2
950,425,Building,1000000,15231.71
951,425,Contents,1000000,6537.65
952,425,BusinessInterruption,1000000,14908.3
953,426,GeneralLiability,100000,1642.63
954,426,ProductsLiability,1000000,4643.61
955,427,Hull,5000000,73727.01
956,427,Cargo,5000000,70664.15
957,428,Hull,5000000,26666.95
958,428,Cargo,250000,2686.75
959,429,DataBreach,5000000,82444.33
960,429,BusinessInterruption,5000000,23819.63
961,430,GeneralLiability,1000000,15926.2
962,430,ProductsLiability,250000,1262.03
963,431,GeneralLiability,100000,1109.7
964,431,ProductsLiability,5000000,65032.21
965,432,GeneralLiability,1000000,15217.66
966,432,ProductsLiability,1000000,5232.28
967,433,Hull,100000,543.7
968,433,Cargo,1000000,4501.65
969,434,Building,5000000,64627.67
970,434,Contents,5000000,59363.28
971,434,BusinessInterruption,1000000,17304.97
972,435,Building,1000000,8647.62
973,435,Contents,5000000,61996.58
974,435,BusinessInterruption,500000,7011.39
975,436,GeneralLiability,500000,7809.19
976,436,ProductsLiability,500000,5833.83
977,437,Building,1000000,5966.29
978,437,Contents,1000000,5497.46
979,437,BusinessInterruption,5000000,33714.5
980,438,DataBreach,250000,3508.76
981,438,BusinessInterruption,100000,1460.01
982,439,Building,1000000,13218.39
983,439,Contents,5000000,29424.52
984,439,BusinessInterruption,1000000,4060.73
985,440,DataBreach,1000000,16941.19
986,440,BusinessInterruption,250000,3421.36
987,441,GeneralLiability,5000000,62431.25
988,441,ProductsLiability,500000,5528.77
989,442,GeneralLiability,500000,8793.44
990,442,ProductsLiability,1000000,15267.16
991,443,Hull,5000000,80249.53
992,443,Cargo,5000000,64280.83
993,444,Hull,250000,4434.67
994,444,Cargo,250000,2763.63
995,445,Hull,500000,5935.96
996,445,Cargo,5000000,59944.67
997,446,DataBreach,5000000,40014.96
998,446,BusinessInterruption,1000000,15316.27
999,447,Building,100000,1338.36
1000,447,Contents,250000,1934.42
1001,447,BusinessInterruption,250000,4442.36
1002,448,GeneralLiability,500000,3428.01
1003,448,ProductsLiability,5000000,22261.45
1004,449,Building,5000000,80538.9
1005,449,Contents,5000000,47222.07
1006,449,BusinessInterruption,5000000,74901.5
1007,450,Hull,100000,1697.08
1008,450,Cargo,1000000,9831.93
1009,451,Hull,100000,1441.14
1010,451,Cargo,250000,3171.97
1011,452,DataBreach,500000,7285.75
1012,452,BusinessInterruption,5000000,71691.5
1013,453,GeneralLiability,250000,4442.09
1014,453,ProductsLiability,100000,661.77
1015,454,Building,1000000,7907.57
1016,454,Contents,500000,2910.47
1017,454,BusinessInterruption,5000000,79220.99
1018,455,DataBreach,100000,615.18
1019,455,BusinessInterruption,500000,6178.16
1020,456,Hull,5000000,58511.21
1021,456,Cargo,100000,1497.64
1022,457,GeneralLiability,100000,1500.76
1023,457,ProductsLiability,250000,2455.76
1024,458,Building,250000,3321.67
1025,458,Contents,500000,4525.58
1026,458,BusinessInterruption,250000,4326.08
1027,459,DataBreach,100000,560.61
1028,459,BusinessInterruption,500000,5119.67
1029,460,GeneralLiability,500000,4669.61
1030,460,ProductsLiability,100000,940.23
1031,461,Hull,500000,5600.16
1032,461,Cargo,5000000,51188.98
1033,462,GeneralLiability,100000,1727.5
1034,462,ProductsLiability,250000,4400.7
1035,463,Building,250000,3346.17
1036,463,Contents,250000,4027.33
1037,463,BusinessInterruption,1000000,15699.31
1038,464,DataBreach,100000,1445.65
1039,464,BusinessInterruption,250000,1083.14
1040,465,Building,100000,649.19
1041,465,Contents,500000,5906.59
1042,465,BusinessInterruption,5000000,77513.35
1043,466,DataBreach,1000000,10062.35
1044,466,BusinessInterruption,100000,945.3
1045,467,Building,5000000,24426.63
1046,467,Contents,5000000,23186.18
1047,467,BusinessInterruption,100000,900.78
1048,468,Hull,500000,6245.96
1049,468,Cargo,500000,7356.92
1050,469,DataBreach,100000,1063.58
1051,469,BusinessInterruption,5000000,35390.6
1052,470,Hull,500000,6741.02
1053,470,Cargo,500000,8701.74
1054,471,GeneralLiability,100000,1201.81
1055,471,ProductsLiability,1000000,11520.13
1056,472,Hull,500000,3482.16
1057,472,Cargo,5000000,29971.86
1058,473,Hull,250000,3348.42
1059,473,Cargo,5000000,79657.58
1060,474,DataBreach,100000,806.91
1061,474,BusinessInterruption,100000,750.96
1062,475,DataBreach,250000,3349.53
1063,475,BusinessInterruption,250000,1350.16
1064,476,GeneralLiability,1000000,8596.85
1065,476,ProductsLiability,500000,6854.21
1066,477,Hull,1000000,6360.95
1067,477,Cargo,500000,3723.23
1068,478,DataBreach,500000,2940.14
1069,478,BusinessInterruption,500000,8145.2
1070,479,Hull,1000000,11723.41
1071,479,Cargo,250000,3259.43
1072,480,Hull,250000,4119.54
1073,480,Cargo,250000,1921.32
1074,481,Building,100000,1589.42
1075,481,Contents,100000,1537.7
1076,481,BusinessInterruption,5000000,48359.41
1077,482,Building,5000000,82579.02
1078,482,Contents,5000000,53047.28
1079,482,BusinessInterruption,250000,2280.37
1080,483,Hull,5000000,55728.84
1081,483,Cargo,1000000,9094.12
1082,484,GeneralLiability,5000000,67891.32
1083,484,ProductsLiability,5000000,29825.95
1084,485,GeneralLiability,1000000,17148.45
1085,485,ProductsLiability,100000,706.35
1086,486,Building,250000,1149.83
1087,486,Contents,250000,2812.6
1088,486,BusinessInterruption,500000,4716.65
1089,487,Building,500000,2722.58
1090,487,Contents,5000000,64349.69
1091,487,BusinessInterruption,500000,7844.11
1092,488,GeneralLiability,1000000,9114.15
1093,488,ProductsLiability,100000,1123.33
1094,489,GeneralLiability,500000,7720.66
1095,489,ProductsLiability,500000,5408.03
1096,490,Building,1000000,6318.48
1097,490,Contents,100000,1120.36
1098,490,BusinessInterruption,500000,3480.62
1099,491,Hull,100000,1325.55
1100,491,Cargo,1000000,15356.42
1101,492,DataBreach,1000000,6949.86
1102,492,BusinessInterruption,250000,3265.41
1103,493,GeneralLiability,5000000,61464.34
1104,493,ProductsLiability,250000,3203.39
1105,494,GeneralLiability,500000,8457.13
1106,494,ProductsLiability,5000000,87076.68
1107,495,Building,500000,8630.78
1108,495,Contents,250000,2572.21
1109,495,BusinessInterruption,1000000,16142.23
1110,496,DataBreach,5000000,77431.72
1111,496,BusinessInterruption,250000,3181.24
1112,497,GeneralLiability,500000,8456.46
1113,497,ProductsLiability,5000000,61341.72
1114,498,DataBreach,100000,683.29
1115,498,BusinessInterruption,5000000,67905.75
1116,499,Building,5000000,61986.97
1117,499,Contents,5000000,55233.04
1118,499,BusinessInterruption,100000,530.47
1119,500,Building,1000000,11308.62
1120,500,Contents,500000,8123.77
1121,500,BusinessInterruption,5000000,50026.94
1122,501,DataBreach,1000000,8907.25
1123,501,BusinessInterruption,5000000,26840.18
1124,502,DataBreach,100000,796.57
1125,502,BusinessInterruption,5000000,48605.27
1126,503,Building,100000,1127.67
1127,503,Contents,1000000,13163.65
1128,503,BusinessInterruption,500000,4861.92
1129,504,DataBreach,500000,3829.12
1130,504,BusinessInterruption,5000000,49649.31
1131,505,Hull,250000,2446.3
1132,505,Cargo,5000000,53772.74
1133,506,DataBreach,5000000,44104.94
1134,506,BusinessInterruption,1000000,14300.95
1135,507,Building,1000000,14963.53
1136,507,Contents,250000,1350.98
1137,507,BusinessInterruption,5000000,48039.26
1138,508,Building,100000,1526.12
1139,508,Contents,250000,2650.84
1140,508,BusinessInterruption,5000000,50476.42
1141,509,GeneralLiability,5000000,22642.87
1142,509,ProductsLiability,1000000,17029.59
1143,510,Hull,100000,1724.0
1144,510,Cargo,250000,3241.02
1145,511,GeneralLiability,5000000,40020.46
1146,511,ProductsLiability,100000,1497.54
1147,512,GeneralLiability,100000,903.64
1148,512,ProductsLiability,100000,1765.9
1149,513,Hull,500000,6687.63
1150,513,Cargo,1000000,12205.12
1151,514,Building,5000000,39914.57
1152,514,Contents,5000000,84050.63
1153,514,BusinessInterruption,500000,4432.33
1154,515,GeneralLiability,1000000,17015.99
1155,515,ProductsLiability,5000000,20325.6
1156,516,Building,5000000,40597.63
1157,516,Contents,100000,1524.12
1158,516,BusinessInterruption,500000,8132.79
1159,517,Hull,1000000,11884.36
1160,517,Cargo,250000,3651.16
1161,518,DataBreach,5000000,80341.63
1162,518,BusinessInterruption,1000000,5627.76
1163,519,GeneralLiability,250000,3800.56
1164,519,ProductsLiability,1000000,17376.24
1165,520,Building,500000,3737.8
1166,520,Contents,100000,958.5
1167,520,BusinessInterruption,500000,2532.2
1168,521,DataBreach,250000,4130.11
1169,521,BusinessInterruption,500000,3279.49
1170,522,GeneralLiability,250000,1822.01
1171,522,ProductsLiability,250000,4054.6
1172,523,GeneralLiability,5000000,44921.92
1173,523,ProductsLiability,100000,567.83
1174,524,DataBreach,5000000,87059.52
1175,524,BusinessInterruption,1000000,9196.75
1176,525,Hull,5000000,39618.66
1177,525,Cargo,250000,3625.59
1178,526,DataBreach,100000,1103.47
1179,526,BusinessInterruption,1000000,16045.6
1180,527,DataBreach,5000000,52204.94
1181,527,BusinessInterruption,100000,416.55
1182,528,Building,5000000,80328.94
1183,528,Contents,250000,2919.97
1184,528,BusinessInterruption,250000,1942.93
1185,529,Hull,1000000,9935.2
1186,529,Cargo,1000000,13809.98
1187,530,DataBreach,250000,2999.93
1188,530,BusinessInterruption,5000000,68020.83
1189,531,Hull,5000000,50255.31
1190,531,Cargo,1000000,6744.88
1191,532,GeneralLiability,100000,647.25
1192,532,ProductsLiability,1000000,5882.6
1193,533,Hull,500000,3756.82
1194,533,Cargo,5000000,23339.65
1195,534,GeneralLiability,500000,5335.78
1196,534,ProductsLiability,100000,1029.8
1197,535,Hull,5000000,85229.12
1198,535,Cargo,500000,4408.98
1199,536,Hull,5000000,33927.07
1200,536,Cargo,5000000,65490.58
1201,537,Hull,5000000,54124.56
1202,537,Cargo,1000000,16454.85
1203,538,Hull,250000,4038.9
1204,538,Cargo,500000,4952.72
1205,539,DataBreach,100000,626.8
1206,539,BusinessInterruption,250000,2097.19
1207,540,Hull,1000000,7797.47
1208,540,Cargo,1000000,14933.64
1209,541,DataBreach,250000,3989.74
1210,541,BusinessInterruption,250000,3547.2
1211,542,Building,1000000,5442.13
1212,542,Contents,100000,1711.51
1213,542,BusinessInterruption,1000000,11678.07
1214,543,DataBreach,100000,545.5
1215,543,BusinessInterruption,5000000,30869.21
1216,544,DataBreach,250000,3581.58
1217,544,BusinessInterruption,1000000,12770.73
1218,545,GeneralLiability,500000,8022.58
1219,545,ProductsLiability,500000,8049.69
1220,546,Hull,250000,4393.4
1221,546,Cargo,5000000,32392.56
1222,547,DataBreach,5000000,41676.29
1223,547,BusinessInterruption,500000,5371.56
1224,548,Building,500000,4885.43
1225,548,Contents,250000,2062.51
1226,548,BusinessInterruption,100000,1132.64
1227,549,GeneralLiability,1000000,11491.38
1228,549,ProductsLiability,1000000,17257.41
1229,550,Building,500000,6179.03
1230,550,Contents,100000,1167.5
1231,550,BusinessInterruption,250000,2441.08
1232,551,DataBreach,1000000,15597.98
1233,551,BusinessInterruption,250000,1920.43
1234,552,GeneralLiability,5000000,76530.25
1235,552,ProductsLiability,500000,3992.74
1236,553,Hull,100000,655.37
1237,553,Cargo,500000,2772.49
1238,554,DataBreach,5000000,54439.72
1239,554,BusinessInterruption,500000,2135.77
1240,555,Building,500000,3884.37
1241,555,Contents,1000000,14179.5
1242,555,BusinessInterruption,250000,1315.69
1243,556,GeneralLiability,500000,7500.08
1244,556,ProductsLiability,1000000,17971.49
1245,557,Building,250000,1196.13
1246,557,Contents,1000000,4999.39
1247,557,BusinessInterruption,1000000,6542.45
1248,558,Hull,100000,570.75
1249,558,Cargo,250000,2346.79
1250,559,GeneralLiability,250000,2612.92
1251,559,ProductsLiability,100000,1129.59
1252,560,DataBreach,500000,8553.51
1253,560,BusinessInterruption,250000,3202.07
1254,561,Building,500000,3391.07
1255,561,Contents,100000,1609.12
1256,561,BusinessInterruption,250000,4406.46
1257,562,DataBreach,250000,3780.37
1258,562,BusinessInterruption,5000000,28375.47
1259,563,Building,1000000,13637.69
1260,563,Contents,250000,2299.9
1261,563,BusinessInterruption,100000,748.21
1262,564,Hull,100000,483.69
1263,564,Cargo,250000,3454.65
1264,565,GeneralLiability,500000,8871.73
1265,565,ProductsLiability,500000,7638.68
1266,566,GeneralLiability,1000000,9014.34
1267,566,ProductsLiability,250000,1877.44
1268,567,DataBreach,5000000,68792.64
1269,567,BusinessInterruption,250000,2983.46
1270,568,Hull,500000,8073.63
1271,568,Cargo,5000000,84013.18
1272,569,Building,1000000,8139.42
1273,569,Contents,500000,5791.24
1274,569,BusinessInterruption,1000000,4010.08
1275,570,DataBreach,100000,1267.63
1276,570,BusinessInterruption,500000,7432.12
1277,571,Building,1000000,6658.17
1278,571,Contents,1000000,14720.28
1279,571,BusinessInterruption,250000,3145.64
1280,572,Hull,5000000,66122.37
1281,572,Cargo,100000,1569.27
1282,573,Building,1000000,6682.63
1283,573,Contents,100000,1199.42
1284,573,BusinessInterruption,1000000,13210.9
1285,574,Hull,250000,3120.84
1286,574,Cargo,100000,418.32
1287,575,DataBreach,100000,1055.28
1288,575,BusinessInterruption,100000,905.3
1289,576,DataBreach,100000,1553.1
1290,576,BusinessInterruption,500000,5703.15
1291,577,Hull,5000000,26798.35
1292,577,Cargo,250000,2860.81
1293,578,GeneralLiability,250000,2954.48
1294,578,ProductsLiability,5000000,49062.92
1295,579,Hull,1000000,16359.54
1296,579,Cargo,250000,3773.62
1297,580,Hull,5000000,89890.35
1298,580,Cargo,1000000,17069.28
1299,581,Hull,1000000,14698.58
1300,581,Cargo,1000000,15566.17
1301,582,GeneralLiability,250000,2312.72
1302,582,ProductsLiability,5000000,84830.28
1303,583,DataBreach,100000,1416.84
1304,583,BusinessInterruption,500000,6170.34
1305,584,Hull,250000,1751.88
1306,584,Cargo,500000,2151.91
1307,585,Hull,5000000,58942.62
1308,585,Cargo,5000000,30830.04
1309,586,Hull,500000,4569.58
1310,586,Cargo,5000000,37489.98
1311,587,Hull,1000000,11966.91
1312,587,Cargo,250000,3569.93
1313,588,DataBreach,5000000,77366.07
1314,588,BusinessInterruption,100000,1233.32
1315,589,DataBreach,100000,1690.62
1316,589,BusinessInterruption,500000,4435.51
1317,590,DataBreach,100000,1617.7
1318,590,BusinessInterruption,250000,3616.88
1319,591,Building,1000000,4757.79
1320,591,Contents,5000000,22882.76
1321,591,BusinessInterruption,5000000,59543.9
1322,592,GeneralLiability,1000000,17594.56
1323,592,ProductsLiability,5000000,60267.84
1324,593,DataBreach,1000000,6072.17
1325,593,BusinessInterruption,500000,2577.82
1326,594,Building,500000,2595.55
1327,594,Contents,5000000,50414.38
1328,594,BusinessInterruption,250000,3667.12
1329,595,GeneralLiability,5000000,33726.95
1330,595,ProductsLiability,5000000,89795.51
1331,596,GeneralLiability,1000000,8527.76
1332,596,ProductsLiability,5000000,26271.63
1333,597,DataBreach,250000,2122.58
1334,597,BusinessInterruption,5000000,65878.69
1335,598,GeneralLiability,1000000,12724.55
1336,598,ProductsLiability,1000000,4628.29
1337,599,GeneralLiability,250000,3652.07
1338,599,ProductsLiability,100000,557.32
1339,600,GeneralLiability,500000,2096.13
1340,600,ProductsLiability,100000,827.17
